year,row_type,cause_group,cause,fatal_accidents,persons_killed,serious_accidents,persons_seriously_injured,source_file,source_pages,source_tables
2013,cause,1. Ground movement,Fall of Roof,8,13,17,21,raw/dgms/sanket0404_2024.pdf,PDF p.33 (printed 19); PDF p.34 (printed 20),Table 2.9 (fatal); Table 2.10 (serious)
2013,cause,1. Ground movement,Fall of Sides,2,2,19,20,raw/dgms/sanket0404_2024.pdf,PDF p.33 (printed 19); PDF p.34 (printed 20),Table 2.9 (fatal); Table 2.10 (serious)
2013,cause,1. Ground movement,Other Ground Movement,2,2,0,1,raw/dgms/sanket0404_2024.pdf,PDF p.33 (printed 19); PDF p.34 (printed 20),Table 2.9 (fatal); Table 2.10 (serious)
2013,cause,2. Transportation machinery (winding in shaft),Transportation machinery (winding in shaft),0,0,3,3,raw/dgms/sanket0404_2024.pdf,PDF p.33 (printed 19); PDF p.34 (printed 20),Table 2.9 (fatal); Table 2.10 (serious)
2013,cause,3. Transportation machinery (other than winding in shaft),Rope Haulage,3,3,42,42,raw/dgms/sanket0404_2024.pdf,PDF p.33 (printed 19); PDF p.34 (printed 20),Table 2.9 (fatal); Table 2.10 (serious)
2013,cause,3. Transportation machinery (other than winding in shaft),Wheeled Trackless Transp,29,29,22,24,raw/dgms/sanket0404_2024.pdf,PDF p.33 (printed 19); PDF p.34 (printed 20),Table 2.9 (fatal); Table 2.10 (serious)
2013,cause,3. Transportation machinery (other than winding in shaft),Other Transp. Machinery,1,1,9,9,raw/dgms/sanket0404_2024.pdf,PDF p.33 (printed 19); PDF p.34 (printed 20),Table 2.9 (fatal); Table 2.10 (serious)
2013,cause,4. Machinery other than transportation machinery,Machinery other than transportation machinery,12,12,27,27,raw/dgms/sanket0404_2024.pdf,PDF p.33 (printed 19); PDF p.34 (printed 20),Table 2.9 (fatal); Table 2.10 (serious)
2013,cause,5. Explosives,Explosives,0,0,1,1,raw/dgms/sanket0404_2024.pdf,PDF p.33 (printed 19); PDF p.34 (printed 20),Table 2.9 (fatal); Table 2.10 (serious)
2013,cause,6. Electricity,Electricity,7,7,2,6,raw/dgms/sanket0404_2024.pdf,PDF p.33 (printed 19); PDF p.34 (printed 20),Table 2.9 (fatal); Table 2.10 (serious)
2013,cause,"7. Gas, dust and other combustible material","Gas, dust and other combustible material",0,0,0,0,raw/dgms/sanket0404_2024.pdf,PDF p.33 (printed 19); PDF p.34 (printed 20),Table 2.9 (fatal); Table 2.10 (serious)
2013,cause,8. Fall (other than falls of ground),Fall of person,8,8,135,135,raw/dgms/sanket0404_2024.pdf,PDF p.33 (printed 19); PDF p.34 (printed 20),Table 2.9 (fatal); Table 2.10 (serious)
2013,cause,8. Fall (other than falls of ground),Fall of Object,3,3,88,88,raw/dgms/sanket0404_2024.pdf,PDF p.33 (printed 19); PDF p.34 (printed 20),Table 2.9 (fatal); Table 2.10 (serious)
2013,cause,8. Fall (other than falls of ground),Other falls,2,2,6,6,raw/dgms/sanket0404_2024.pdf,PDF p.33 (printed 19); PDF p.34 (printed 20),Table 2.9 (fatal); Table 2.10 (serious)
2013,cause,9. Other causes,Irruption of Water,0,0,0,0,raw/dgms/sanket0404_2024.pdf,PDF p.33 (printed 19); PDF p.34 (printed 20),Table 2.9 (fatal); Table 2.10 (serious)
2013,cause,9. Other causes,Flying Pieces,0,0,0,0,raw/dgms/sanket0404_2024.pdf,PDF p.33 (printed 19); PDF p.34 (printed 20),Table 2.9 (fatal); Table 2.10 (serious)
2013,cause,9. Other causes,Miscellaneous,0,0,85,85,raw/dgms/sanket0404_2024.pdf,PDF p.33 (printed 19); PDF p.34 (printed 20),Table 2.9 (fatal); Table 2.10 (serious)
2013,total,,TOTAL,77,82,456,468,raw/dgms/sanket0404_2024.pdf,PDF p.33 (printed 19); PDF p.34 (printed 20),Table 2.9 (fatal); Table 2.10 (serious)
2013,place,,below ground,19,24,336,341,raw/dgms/sanket0404_2024.pdf,PDF p.33 (printed 19); PDF p.34 (printed 20),Table 2.9 (fatal); Table 2.10 (serious)
2013,place,,opencast,40,40,56,59,raw/dgms/sanket0404_2024.pdf,PDF p.33 (printed 19); PDF p.34 (printed 20),Table 2.9 (fatal); Table 2.10 (serious)
2013,place,,above ground,18,18,64,68,raw/dgms/sanket0404_2024.pdf,PDF p.33 (printed 19); PDF p.34 (printed 20),Table 2.9 (fatal); Table 2.10 (serious)
2014,cause,1. Ground movement,Fall of Roof,10,11,18,20,raw/dgms/sanket0404_2024.pdf,PDF p.33 (printed 19); PDF p.34 (printed 20),Table 2.9 (fatal); Table 2.10 (serious)
2014,cause,1. Ground movement,Fall of Sides,2,2,17,18,raw/dgms/sanket0404_2024.pdf,PDF p.33 (printed 19); PDF p.34 (printed 20),Table 2.9 (fatal); Table 2.10 (serious)
2014,cause,1. Ground movement,Other Ground Movement,1,2,0,0,raw/dgms/sanket0404_2024.pdf,PDF p.33 (printed 19); PDF p.34 (printed 20),Table 2.9 (fatal); Table 2.10 (serious)
2014,cause,2. Transportation machinery (winding in shaft),Transportation machinery (winding in shaft),0,0,5,5,raw/dgms/sanket0404_2024.pdf,PDF p.33 (printed 19); PDF p.34 (printed 20),Table 2.9 (fatal); Table 2.10 (serious)
2014,cause,3. Transportation machinery (other than winding in shaft),Rope Haulage,1,1,33,42,raw/dgms/sanket0404_2024.pdf,PDF p.33 (printed 19); PDF p.34 (printed 20),Table 2.9 (fatal); Table 2.10 (serious)
2014,cause,3. Transportation machinery (other than winding in shaft),Wheeled Trackless Transp,17,18,15,16,raw/dgms/sanket0404_2024.pdf,PDF p.33 (printed 19); PDF p.34 (printed 20),Table 2.9 (fatal); Table 2.10 (serious)
2014,cause,3. Transportation machinery (other than winding in shaft),Other Transp. Machinery,1,1,2,2,raw/dgms/sanket0404_2024.pdf,PDF p.33 (printed 19); PDF p.34 (printed 20),Table 2.9 (fatal); Table 2.10 (serious)
2014,cause,4. Machinery other than transportation machinery,Machinery other than transportation machinery,15,15,25,26,raw/dgms/sanket0404_2024.pdf,PDF p.33 (printed 19); PDF p.34 (printed 20),Table 2.9 (fatal); Table 2.10 (serious)
2014,cause,5. Explosives,Explosives,2,2,3,3,raw/dgms/sanket0404_2024.pdf,PDF p.33 (printed 19); PDF p.34 (printed 20),Table 2.9 (fatal); Table 2.10 (serious)
2014,cause,6. Electricity,Electricity,2,2,3,3,raw/dgms/sanket0404_2024.pdf,PDF p.33 (printed 19); PDF p.34 (printed 20),Table 2.9 (fatal); Table 2.10 (serious)
2014,cause,"7. Gas, dust and other combustible material","Gas, dust and other combustible material",1,1,2,2,raw/dgms/sanket0404_2024.pdf,PDF p.33 (printed 19); PDF p.34 (printed 20),Table 2.9 (fatal); Table 2.10 (serious)
2014,cause,8. Fall (other than falls of ground),Fall of person,2,2,129,130,raw/dgms/sanket0404_2024.pdf,PDF p.33 (printed 19); PDF p.34 (printed 20),Table 2.9 (fatal); Table 2.10 (serious)
2014,cause,8. Fall (other than falls of ground),Fall of Object,2,2,59,59,raw/dgms/sanket0404_2024.pdf,PDF p.33 (printed 19); PDF p.34 (printed 20),Table 2.9 (fatal); Table 2.10 (serious)
2014,cause,8. Fall (other than falls of ground),Other falls,0,0,7,7,raw/dgms/sanket0404_2024.pdf,PDF p.33 (printed 19); PDF p.34 (printed 20),Table 2.9 (fatal); Table 2.10 (serious)
2014,cause,9. Other causes,Irruption of Water,0,0,0,0,raw/dgms/sanket0404_2024.pdf,PDF p.33 (printed 19); PDF p.34 (printed 20),Table 2.9 (fatal); Table 2.10 (serious)
2014,cause,9. Other causes,Flying Pieces,0,0,0,0,raw/dgms/sanket0404_2024.pdf,PDF p.33 (printed 19); PDF p.34 (printed 20),Table 2.9 (fatal); Table 2.10 (serious)
2014,cause,9. Other causes,Miscellaneous,3,3,61,61,raw/dgms/sanket0404_2024.pdf,PDF p.33 (printed 19); PDF p.34 (printed 20),Table 2.9 (fatal); Table 2.10 (serious)
2014,total,,TOTAL,59,62,379,394,raw/dgms/sanket0404_2024.pdf,PDF p.33 (printed 19); PDF p.34 (printed 20),Table 2.9 (fatal); Table 2.10 (serious)
2014,place,,below ground,20,21,250,263,raw/dgms/sanket0404_2024.pdf,PDF p.33 (printed 19); PDF p.34 (printed 20),Table 2.9 (fatal); Table 2.10 (serious)
2014,place,,opencast,31,33,64,66,raw/dgms/sanket0404_2024.pdf,PDF p.33 (printed 19); PDF p.34 (printed 20),Table 2.9 (fatal); Table 2.10 (serious)
2014,place,,above ground,8,8,65,65,raw/dgms/sanket0404_2024.pdf,PDF p.33 (printed 19); PDF p.34 (printed 20),Table 2.9 (fatal); Table 2.10 (serious)
2015,cause,1. Ground movement,Fall of Roof,4,4,9,11,raw/dgms/sanket0404_2024.pdf,PDF p.33 (printed 19); PDF p.34 (printed 20),Table 2.9 (fatal); Table 2.10 (serious)
2015,cause,1. Ground movement,Fall of Sides,5,5,11,11,raw/dgms/sanket0404_2024.pdf,PDF p.33 (printed 19); PDF p.34 (printed 20),Table 2.9 (fatal); Table 2.10 (serious)
2015,cause,1. Ground movement,Other Ground Movement,0,0,1,1,raw/dgms/sanket0404_2024.pdf,PDF p.33 (printed 19); PDF p.34 (printed 20),Table 2.9 (fatal); Table 2.10 (serious)
2015,cause,2. Transportation machinery (winding in shaft),Transportation machinery (winding in shaft),0,0,3,3,raw/dgms/sanket0404_2024.pdf,PDF p.33 (printed 19); PDF p.34 (printed 20),Table 2.9 (fatal); Table 2.10 (serious)
2015,cause,3. Transportation machinery (other than winding in shaft),Rope Haulage,3,3,28,28,raw/dgms/sanket0404_2024.pdf,PDF p.33 (printed 19); PDF p.34 (printed 20),Table 2.9 (fatal); Table 2.10 (serious)
2015,cause,3. Transportation machinery (other than winding in shaft),Wheeled Trackless Transp,16,17,14,20,raw/dgms/sanket0404_2024.pdf,PDF p.33 (printed 19); PDF p.34 (printed 20),Table 2.9 (fatal); Table 2.10 (serious)
2015,cause,3. Transportation machinery (other than winding in shaft),Other Transp. Machinery,0,0,4,4,raw/dgms/sanket0404_2024.pdf,PDF p.33 (printed 19); PDF p.34 (printed 20),Table 2.9 (fatal); Table 2.10 (serious)
2015,cause,4. Machinery other than transportation machinery,Machinery other than transportation machinery,11,11,18,18,raw/dgms/sanket0404_2024.pdf,PDF p.33 (printed 19); PDF p.34 (printed 20),Table 2.9 (fatal); Table 2.10 (serious)
2015,cause,5. Explosives,Explosives,0,0,5,8,raw/dgms/sanket0404_2024.pdf,PDF p.33 (printed 19); PDF p.34 (printed 20),Table 2.9 (fatal); Table 2.10 (serious)
2015,cause,6. Electricity,Electricity,4,4,3,5,raw/dgms/sanket0404_2024.pdf,PDF p.33 (printed 19); PDF p.34 (printed 20),Table 2.9 (fatal); Table 2.10 (serious)
2015,cause,"7. Gas, dust and other combustible material","Gas, dust and other combustible material",0,0,1,1,raw/dgms/sanket0404_2024.pdf,PDF p.33 (printed 19); PDF p.34 (printed 20),Table 2.9 (fatal); Table 2.10 (serious)
2015,cause,8. Fall (other than falls of ground),Fall of person,4,4,105,106,raw/dgms/sanket0404_2024.pdf,PDF p.33 (printed 19); PDF p.34 (printed 20),Table 2.9 (fatal); Table 2.10 (serious)
2015,cause,8. Fall (other than falls of ground),Fall of Object,2,2,46,46,raw/dgms/sanket0404_2024.pdf,PDF p.33 (printed 19); PDF p.34 (printed 20),Table 2.9 (fatal); Table 2.10 (serious)
2015,cause,8. Fall (other than falls of ground),Other falls,0,0,2,2,raw/dgms/sanket0404_2024.pdf,PDF p.33 (printed 19); PDF p.34 (printed 20),Table 2.9 (fatal); Table 2.10 (serious)
2015,cause,9. Other causes,Irruption of Water,1,1,0,0,raw/dgms/sanket0404_2024.pdf,PDF p.33 (printed 19); PDF p.34 (printed 20),Table 2.9 (fatal); Table 2.10 (serious)
2015,cause,9. Other causes,Flying Pieces,0,0,1,1,raw/dgms/sanket0404_2024.pdf,PDF p.33 (printed 19); PDF p.34 (printed 20),Table 2.9 (fatal); Table 2.10 (serious)
2015,cause,9. Other causes,Miscellaneous,4,4,51,51,raw/dgms/sanket0404_2024.pdf,PDF p.33 (printed 19); PDF p.34 (printed 20),Table 2.9 (fatal); Table 2.10 (serious)
2015,total,,TOTAL,54,55,302,316,raw/dgms/sanket0404_2024.pdf,PDF p.33 (printed 19); PDF p.34 (printed 20),Table 2.9 (fatal); Table 2.10 (serious)
2015,place,,below ground,21,21,185,190,raw/dgms/sanket0404_2024.pdf,PDF p.33 (printed 19); PDF p.34 (printed 20),Table 2.9 (fatal); Table 2.10 (serious)
2015,place,,opencast,25,26,67,73,raw/dgms/sanket0404_2024.pdf,PDF p.33 (printed 19); PDF p.34 (printed 20),Table 2.9 (fatal); Table 2.10 (serious)
2015,place,,above ground,8,8,50,53,raw/dgms/sanket0404_2024.pdf,PDF p.33 (printed 19); PDF p.34 (printed 20),Table 2.9 (fatal); Table 2.10 (serious)
2016,cause,1. Ground movement,Fall of Roof,8,11,11,14,raw/dgms/sanket0404_2024.pdf,PDF p.33 (printed 19); PDF p.34 (printed 20),Table 2.9 (fatal); Table 2.10 (serious)
2016,cause,1. Ground movement,Fall of Sides,5,5,8,8,raw/dgms/sanket0404_2024.pdf,PDF p.33 (printed 19); PDF p.34 (printed 20),Table 2.9 (fatal); Table 2.10 (serious)
2016,cause,1. Ground movement,Other Ground Movement,1,23,0,0,raw/dgms/sanket0404_2024.pdf,PDF p.33 (printed 19); PDF p.34 (printed 20),Table 2.9 (fatal); Table 2.10 (serious)
2016,cause,2. Transportation machinery (winding in shaft),Transportation machinery (winding in shaft),1,1,0,0,raw/dgms/sanket0404_2024.pdf,PDF p.33 (printed 19); PDF p.34 (printed 20),Table 2.9 (fatal); Table 2.10 (serious)
2016,cause,3. Transportation machinery (other than winding in shaft),Rope Haulage,5,5,26,26,raw/dgms/sanket0404_2024.pdf,PDF p.33 (printed 19); PDF p.34 (printed 20),Table 2.9 (fatal); Table 2.10 (serious)
2016,cause,3. Transportation machinery (other than winding in shaft),Wheeled Trackless Transp,20,21,12,14,raw/dgms/sanket0404_2024.pdf,PDF p.33 (printed 19); PDF p.34 (printed 20),Table 2.9 (fatal); Table 2.10 (serious)
2016,cause,3. Transportation machinery (other than winding in shaft),Other Transp. Machinery,3,3,7,9,raw/dgms/sanket0404_2024.pdf,PDF p.33 (printed 19); PDF p.34 (printed 20),Table 2.9 (fatal); Table 2.10 (serious)
2016,cause,4. Machinery other than transportation machinery,Machinery other than transportation machinery,9,9,17,17,raw/dgms/sanket0404_2024.pdf,PDF p.33 (printed 19); PDF p.34 (printed 20),Table 2.9 (fatal); Table 2.10 (serious)
2016,cause,5. Explosives,Explosives,0,0,3,3,raw/dgms/sanket0404_2024.pdf,PDF p.33 (printed 19); PDF p.34 (printed 20),Table 2.9 (fatal); Table 2.10 (serious)
2016,cause,6. Electricity,Electricity,2,2,6,6,raw/dgms/sanket0404_2024.pdf,PDF p.33 (printed 19); PDF p.34 (printed 20),Table 2.9 (fatal); Table 2.10 (serious)
2016,cause,"7. Gas, dust and other combustible material","Gas, dust and other combustible material",4,5,0,0,raw/dgms/sanket0404_2024.pdf,PDF p.33 (printed 19); PDF p.34 (printed 20),Table 2.9 (fatal); Table 2.10 (serious)
2016,cause,8. Fall (other than falls of ground),Fall of person,4,4,87,87,raw/dgms/sanket0404_2024.pdf,PDF p.33 (printed 19); PDF p.34 (printed 20),Table 2.9 (fatal); Table 2.10 (serious)
2016,cause,8. Fall (other than falls of ground),Fall of Object,2,2,43,43,raw/dgms/sanket0404_2024.pdf,PDF p.33 (printed 19); PDF p.34 (printed 20),Table 2.9 (fatal); Table 2.10 (serious)
2016,cause,8. Fall (other than falls of ground),Other falls,0,0,0,0,raw/dgms/sanket0404_2024.pdf,PDF p.33 (printed 19); PDF p.34 (printed 20),Table 2.9 (fatal); Table 2.10 (serious)
2016,cause,9. Other causes,Irruption of Water,0,0,0,0,raw/dgms/sanket0404_2024.pdf,PDF p.33 (printed 19); PDF p.34 (printed 20),Table 2.9 (fatal); Table 2.10 (serious)
2016,cause,9. Other causes,Flying Pieces,0,0,0,0,raw/dgms/sanket0404_2024.pdf,PDF p.33 (printed 19); PDF p.34 (printed 20),Table 2.9 (fatal); Table 2.10 (serious)
2016,cause,9. Other causes,Miscellaneous,3,3,49,52,raw/dgms/sanket0404_2024.pdf,PDF p.33 (printed 19); PDF p.34 (printed 20),Table 2.9 (fatal); Table 2.10 (serious)
2016,total,,TOTAL,67,94,269,279,raw/dgms/sanket0404_2024.pdf,PDF p.33 (printed 19); PDF p.34 (printed 20),Table 2.9 (fatal); Table 2.10 (serious)
2016,place,,below ground,26,29,178,181,raw/dgms/sanket0404_2024.pdf,PDF p.33 (printed 19); PDF p.34 (printed 20),Table 2.9 (fatal); Table 2.10 (serious)
2016,place,,opencast,30,52,47,49,raw/dgms/sanket0404_2024.pdf,PDF p.33 (printed 19); PDF p.34 (printed 20),Table 2.9 (fatal); Table 2.10 (serious)
2016,place,,above ground,11,13,44,49,raw/dgms/sanket0404_2024.pdf,PDF p.33 (printed 19); PDF p.34 (printed 20),Table 2.9 (fatal); Table 2.10 (serious)
2017,cause,1. Ground movement,Fall of Roof,3,5,7,8,raw/dgms/sanket0404_2024.pdf,PDF p.33 (printed 19); PDF p.34 (printed 20),Table 2.9 (fatal); Table 2.10 (serious)
2017,cause,1. Ground movement,Fall of Sides,5,5,16,17,raw/dgms/sanket0404_2024.pdf,PDF p.33 (printed 19); PDF p.34 (printed 20),Table 2.9 (fatal); Table 2.10 (serious)
2017,cause,1. Ground movement,Other Ground Movement,0,0,0,0,raw/dgms/sanket0404_2024.pdf,PDF p.33 (printed 19); PDF p.34 (printed 20),Table 2.9 (fatal); Table 2.10 (serious)
2017,cause,2. Transportation machinery (winding in shaft),Transportation machinery (winding in shaft),0,0,2,2,raw/dgms/sanket0404_2024.pdf,PDF p.33 (printed 19); PDF p.34 (printed 20),Table 2.9 (fatal); Table 2.10 (serious)
2017,cause,3. Transportation machinery (other than winding in shaft),Rope Haulage,5,5,20,20,raw/dgms/sanket0404_2024.pdf,PDF p.33 (printed 19); PDF p.34 (printed 20),Table 2.9 (fatal); Table 2.10 (serious)
2017,cause,3. Transportation machinery (other than winding in shaft),Wheeled Trackless Transp,19,19,8,8,raw/dgms/sanket0404_2024.pdf,PDF p.33 (printed 19); PDF p.34 (printed 20),Table 2.9 (fatal); Table 2.10 (serious)
2017,cause,3. Transportation machinery (other than winding in shaft),Other Transp. Machinery,2,2,2,2,raw/dgms/sanket0404_2024.pdf,PDF p.33 (printed 19); PDF p.34 (printed 20),Table 2.9 (fatal); Table 2.10 (serious)
2017,cause,4. Machinery other than transportation machinery,Machinery other than transportation machinery,10,12,16,16,raw/dgms/sanket0404_2024.pdf,PDF p.33 (printed 19); PDF p.34 (printed 20),Table 2.9 (fatal); Table 2.10 (serious)
2017,cause,5. Explosives,Explosives,2,2,3,6,raw/dgms/sanket0404_2024.pdf,PDF p.33 (printed 19); PDF p.34 (printed 20),Table 2.9 (fatal); Table 2.10 (serious)
2017,cause,6. Electricity,Electricity,2,2,6,6,raw/dgms/sanket0404_2024.pdf,PDF p.33 (printed 19); PDF p.34 (printed 20),Table 2.9 (fatal); Table 2.10 (serious)
2017,cause,"7. Gas, dust and other combustible material","Gas, dust and other combustible material",1,1,0,0,raw/dgms/sanket0404_2024.pdf,PDF p.33 (printed 19); PDF p.34 (printed 20),Table 2.9 (fatal); Table 2.10 (serious)
2017,cause,8. Fall (other than falls of ground),Fall of person,2,2,86,86,raw/dgms/sanket0404_2024.pdf,PDF p.33 (printed 19); PDF p.34 (printed 20),Table 2.9 (fatal); Table 2.10 (serious)
2017,cause,8. Fall (other than falls of ground),Fall of Object,2,2,63,64,raw/dgms/sanket0404_2024.pdf,PDF p.33 (printed 19); PDF p.34 (printed 20),Table 2.9 (fatal); Table 2.10 (serious)
2017,cause,8. Fall (other than falls of ground),Other falls,0,0,2,2,raw/dgms/sanket0404_2024.pdf,PDF p.33 (printed 19); PDF p.34 (printed 20),Table 2.9 (fatal); Table 2.10 (serious)
2017,cause,9. Other causes,Irruption of Water,1,2,0,0,raw/dgms/sanket0404_2024.pdf,PDF p.33 (printed 19); PDF p.34 (printed 20),Table 2.9 (fatal); Table 2.10 (serious)
2017,cause,9. Other causes,Flying Pieces,0,0,0,0,raw/dgms/sanket0404_2024.pdf,PDF p.33 (printed 19); PDF p.34 (printed 20),Table 2.9 (fatal); Table 2.10 (serious)
2017,cause,9. Other causes,Miscellaneous,2,2,35,35,raw/dgms/sanket0404_2024.pdf,PDF p.33 (printed 19); PDF p.34 (printed 20),Table 2.9 (fatal); Table 2.10 (serious)
2017,total,,TOTAL,56,61,266,272,raw/dgms/sanket0404_2024.pdf,PDF p.33 (printed 19); PDF p.34 (printed 20),Table 2.9 (fatal); Table 2.10 (serious)
2017,place,,below ground,18,21,190,195,raw/dgms/sanket0404_2024.pdf,PDF p.33 (printed 19); PDF p.34 (printed 20),Table 2.9 (fatal); Table 2.10 (serious)
2017,place,,opencast,29,29,32,32,raw/dgms/sanket0404_2024.pdf,PDF p.33 (printed 19); PDF p.34 (printed 20),Table 2.9 (fatal); Table 2.10 (serious)
2017,place,,above ground,9,11,44,45,raw/dgms/sanket0404_2024.pdf,PDF p.33 (printed 19); PDF p.34 (printed 20),Table 2.9 (fatal); Table 2.10 (serious)
2018,cause,1. Ground movement,Fall of Roof,3,8,9,10,raw/dgms/sanket0404_2024.pdf,PDF p.33 (printed 19); PDF p.34 (printed 20),Table 2.9 (fatal); Table 2.10 (serious)
2018,cause,1. Ground movement,Fall of Sides,2,4,14,16,raw/dgms/sanket0404_2024.pdf,PDF p.33 (printed 19); PDF p.34 (printed 20),Table 2.9 (fatal); Table 2.10 (serious)
2018,cause,1. Ground movement,Other Ground Movement,0,0,0,0,raw/dgms/sanket0404_2024.pdf,PDF p.33 (printed 19); PDF p.34 (printed 20),Table 2.9 (fatal); Table 2.10 (serious)
2018,cause,2. Transportation machinery (winding in shaft),Transportation machinery (winding in shaft),0,0,14,14,raw/dgms/sanket0404_2024.pdf,PDF p.33 (printed 19); PDF p.34 (printed 20),Table 2.9 (fatal); Table 2.10 (serious)
2018,cause,3. Transportation machinery (other than winding in shaft),Rope Haulage,2,2,20,20,raw/dgms/sanket0404_2024.pdf,PDF p.33 (printed 19); PDF p.34 (printed 20),Table 2.9 (fatal); Table 2.10 (serious)
2018,cause,3. Transportation machinery (other than winding in shaft),Wheeled Trackless Transp,15,16,13,14,raw/dgms/sanket0404_2024.pdf,PDF p.33 (printed 19); PDF p.34 (printed 20),Table 2.9 (fatal); Table 2.10 (serious)
2018,cause,3. Transportation machinery (other than winding in shaft),Other Transp. Machinery,1,1,6,6,raw/dgms/sanket0404_2024.pdf,PDF p.33 (printed 19); PDF p.34 (printed 20),Table 2.9 (fatal); Table 2.10 (serious)
2018,cause,4. Machinery other than transportation machinery,Machinery other than transportation machinery,10,13,24,31,raw/dgms/sanket0404_2024.pdf,PDF p.33 (printed 19); PDF p.34 (printed 20),Table 2.9 (fatal); Table 2.10 (serious)
2018,cause,5. Explosives,Explosives,2,2,1,1,raw/dgms/sanket0404_2024.pdf,PDF p.33 (printed 19); PDF p.34 (printed 20),Table 2.9 (fatal); Table 2.10 (serious)
2018,cause,6. Electricity,Electricity,5,5,3,5,raw/dgms/sanket0404_2024.pdf,PDF p.33 (printed 19); PDF p.34 (printed 20),Table 2.9 (fatal); Table 2.10 (serious)
2018,cause,"7. Gas, dust and other combustible material","Gas, dust and other combustible material",2,4,0,0,raw/dgms/sanket0404_2024.pdf,PDF p.33 (printed 19); PDF p.34 (printed 20),Table 2.9 (fatal); Table 2.10 (serious)
2018,cause,8. Fall (other than falls of ground),Fall of person,3,3,74,75,raw/dgms/sanket0404_2024.pdf,PDF p.33 (printed 19); PDF p.34 (printed 20),Table 2.9 (fatal); Table 2.10 (serious)
2018,cause,8. Fall (other than falls of ground),Fall of Object,0,0,40,40,raw/dgms/sanket0404_2024.pdf,PDF p.33 (printed 19); PDF p.34 (printed 20),Table 2.9 (fatal); Table 2.10 (serious)
2018,cause,8. Fall (other than falls of ground),Other falls,0,0,1,1,raw/dgms/sanket0404_2024.pdf,PDF p.33 (printed 19); PDF p.34 (printed 20),Table 2.9 (fatal); Table 2.10 (serious)
2018,cause,9. Other causes,Irruption of Water,1,1,0,0,raw/dgms/sanket0404_2024.pdf,PDF p.33 (printed 19); PDF p.34 (printed 20),Table 2.9 (fatal); Table 2.10 (serious)
2018,cause,9. Other causes,Flying Pieces,0,0,0,0,raw/dgms/sanket0404_2024.pdf,PDF p.33 (printed 19); PDF p.34 (printed 20),Table 2.9 (fatal); Table 2.10 (serious)
2018,cause,9. Other causes,Miscellaneous,3,3,46,46,raw/dgms/sanket0404_2024.pdf,PDF p.33 (printed 19); PDF p.34 (printed 20),Table 2.9 (fatal); Table 2.10 (serious)
2018,total,,TOTAL,49,62,265,279,raw/dgms/sanket0404_2024.pdf,PDF p.33 (printed 19); PDF p.34 (printed 20),Table 2.9 (fatal); Table 2.10 (serious)
2018,place,,below ground,12,19,174,178,raw/dgms/sanket0404_2024.pdf,PDF p.33 (printed 19); PDF p.34 (printed 20),Table 2.9 (fatal); Table 2.10 (serious)
2018,place,,opencast,29,32,43,46,raw/dgms/sanket0404_2024.pdf,PDF p.33 (printed 19); PDF p.34 (printed 20),Table 2.9 (fatal); Table 2.10 (serious)
2018,place,,above ground,8,11,48,55,raw/dgms/sanket0404_2024.pdf,PDF p.33 (printed 19); PDF p.34 (printed 20),Table 2.9 (fatal); Table 2.10 (serious)
2019,cause,1. Ground movement,Fall of Roof,2,3,5,5,raw/dgms/sanket0404_2024.pdf,PDF p.33 (printed 19); PDF p.34 (printed 20),Table 2.9 (fatal); Table 2.10 (serious)
2019,cause,1. Ground movement,Fall of Sides,4,4,9,10,raw/dgms/sanket0404_2024.pdf,PDF p.33 (printed 19); PDF p.34 (printed 20),Table 2.9 (fatal); Table 2.10 (serious)
2019,cause,1. Ground movement,Other Ground Movement,1,4,0,0,raw/dgms/sanket0404_2024.pdf,PDF p.33 (printed 19); PDF p.34 (printed 20),Table 2.9 (fatal); Table 2.10 (serious)
2019,cause,2. Transportation machinery (winding in shaft),Transportation machinery (winding in shaft),2,2,3,4,raw/dgms/sanket0404_2024.pdf,PDF p.33 (printed 19); PDF p.34 (printed 20),Table 2.9 (fatal); Table 2.10 (serious)
2019,cause,3. Transportation machinery (other than winding in shaft),Rope Haulage,1,1,18,18,raw/dgms/sanket0404_2024.pdf,PDF p.33 (printed 19); PDF p.34 (printed 20),Table 2.9 (fatal); Table 2.10 (serious)
2019,cause,3. Transportation machinery (other than winding in shaft),Wheeled Trackless Transp,12,12,6,7,raw/dgms/sanket0404_2024.pdf,PDF p.33 (printed 19); PDF p.34 (printed 20),Table 2.9 (fatal); Table 2.10 (serious)
2019,cause,3. Transportation machinery (other than winding in shaft),Other Transp. Machinery,4,4,4,4,raw/dgms/sanket0404_2024.pdf,PDF p.33 (printed 19); PDF p.34 (printed 20),Table 2.9 (fatal); Table 2.10 (serious)
2019,cause,4. Machinery other than transportation machinery,Machinery other than transportation machinery,8,8,28,28,raw/dgms/sanket0404_2024.pdf,PDF p.33 (printed 19); PDF p.34 (printed 20),Table 2.9 (fatal); Table 2.10 (serious)
2019,cause,5. Explosives,Explosives,1,1,2,5,raw/dgms/sanket0404_2024.pdf,PDF p.33 (printed 19); PDF p.34 (printed 20),Table 2.9 (fatal); Table 2.10 (serious)
2019,cause,6. Electricity,Electricity,2,2,4,4,raw/dgms/sanket0404_2024.pdf,PDF p.33 (printed 19); PDF p.34 (printed 20),Table 2.9 (fatal); Table 2.10 (serious)
2019,cause,"7. Gas, dust and other combustible material","Gas, dust and other combustible material",0,0,0,0,raw/dgms/sanket0404_2024.pdf,PDF p.33 (printed 19); PDF p.34 (printed 20),Table 2.9 (fatal); Table 2.10 (serious)
2019,cause,8. Fall (other than falls of ground),Fall of person,5,5,52,53,raw/dgms/sanket0404_2024.pdf,PDF p.33 (printed 19); PDF p.34 (printed 20),Table 2.9 (fatal); Table 2.10 (serious)
2019,cause,8. Fall (other than falls of ground),Fall of Object,3,3,27,27,raw/dgms/sanket0404_2024.pdf,PDF p.33 (printed 19); PDF p.34 (printed 20),Table 2.9 (fatal); Table 2.10 (serious)
2019,cause,8. Fall (other than falls of ground),Other falls,0,0,2,2,raw/dgms/sanket0404_2024.pdf,PDF p.33 (printed 19); PDF p.34 (printed 20),Table 2.9 (fatal); Table 2.10 (serious)
2019,cause,9. Other causes,Irruption of Water,0,0,1,5,raw/dgms/sanket0404_2024.pdf,PDF p.33 (printed 19); PDF p.34 (printed 20),Table 2.9 (fatal); Table 2.10 (serious)
2019,cause,9. Other causes,Flying Pieces,0,0,0,0,raw/dgms/sanket0404_2024.pdf,PDF p.33 (printed 19); PDF p.34 (printed 20),Table 2.9 (fatal); Table 2.10 (serious)
2019,cause,9. Other causes,Miscellaneous,6,7,32,32,raw/dgms/sanket0404_2024.pdf,PDF p.33 (printed 19); PDF p.34 (printed 20),Table 2.9 (fatal); Table 2.10 (serious)
2019,total,,TOTAL,51,56,193,204,raw/dgms/sanket0404_2024.pdf,PDF p.33 (printed 19); PDF p.34 (printed 20),Table 2.9 (fatal); Table 2.10 (serious)
2019,place,,below ground,19,21,127,129,raw/dgms/sanket0404_2024.pdf,PDF p.33 (printed 19); PDF p.34 (printed 20),Table 2.9 (fatal); Table 2.10 (serious)
2019,place,,opencast,22,25,30,34,raw/dgms/sanket0404_2024.pdf,PDF p.33 (printed 19); PDF p.34 (printed 20),Table 2.9 (fatal); Table 2.10 (serious)
2019,place,,above ground,10,10,36,41,raw/dgms/sanket0404_2024.pdf,PDF p.33 (printed 19); PDF p.34 (printed 20),Table 2.9 (fatal); Table 2.10 (serious)
2020,cause,1. Ground movement,Fall of Roof,4,4,5,6,raw/dgms/sanket0404_2024.pdf,PDF p.33 (printed 19); PDF p.34 (printed 20),Table 2.9 (fatal); Table 2.10 (serious)
2020,cause,1. Ground movement,Fall of Sides,4,4,2,5,raw/dgms/sanket0404_2024.pdf,PDF p.33 (printed 19); PDF p.34 (printed 20),Table 2.9 (fatal); Table 2.10 (serious)
2020,cause,1. Ground movement,Other Ground Movement,0,0,2,2,raw/dgms/sanket0404_2024.pdf,PDF p.33 (printed 19); PDF p.34 (printed 20),Table 2.9 (fatal); Table 2.10 (serious)
2020,cause,2. Transportation machinery (winding in shaft),Transportation machinery (winding in shaft),0,0,0,0,raw/dgms/sanket0404_2024.pdf,PDF p.33 (printed 19); PDF p.34 (printed 20),Table 2.9 (fatal); Table 2.10 (serious)
2020,cause,3. Transportation machinery (other than winding in shaft),Rope Haulage,1,1,14,14,raw/dgms/sanket0404_2024.pdf,PDF p.33 (printed 19); PDF p.34 (printed 20),Table 2.9 (fatal); Table 2.10 (serious)
2020,cause,3. Transportation machinery (other than winding in shaft),Wheeled Trackless Transp,15,16,6,15,raw/dgms/sanket0404_2024.pdf,PDF p.33 (printed 19); PDF p.34 (printed 20),Table 2.9 (fatal); Table 2.10 (serious)
2020,cause,3. Transportation machinery (other than winding in shaft),Other Transp. Machinery,1,1,1,1,raw/dgms/sanket0404_2024.pdf,PDF p.33 (printed 19); PDF p.34 (printed 20),Table 2.9 (fatal); Table 2.10 (serious)
2020,cause,4. Machinery other than transportation machinery,Machinery other than transportation machinery,7,7,11,11,raw/dgms/sanket0404_2024.pdf,PDF p.33 (printed 19); PDF p.34 (printed 20),Table 2.9 (fatal); Table 2.10 (serious)
2020,cause,5. Explosives,Explosives,3,6,1,7,raw/dgms/sanket0404_2024.pdf,PDF p.33 (printed 19); PDF p.34 (printed 20),Table 2.9 (fatal); Table 2.10 (serious)
2020,cause,6. Electricity,Electricity,1,1,5,6,raw/dgms/sanket0404_2024.pdf,PDF p.33 (printed 19); PDF p.34 (printed 20),Table 2.9 (fatal); Table 2.10 (serious)
2020,cause,"7. Gas, dust and other combustible material","Gas, dust and other combustible material",0,0,0,0,raw/dgms/sanket0404_2024.pdf,PDF p.33 (printed 19); PDF p.34 (printed 20),Table 2.9 (fatal); Table 2.10 (serious)
2020,cause,8. Fall (other than falls of ground),Fall of person,5,5,42,43,raw/dgms/sanket0404_2024.pdf,PDF p.33 (printed 19); PDF p.34 (printed 20),Table 2.9 (fatal); Table 2.10 (serious)
2020,cause,8. Fall (other than falls of ground),Fall of Object,1,1,13,13,raw/dgms/sanket0404_2024.pdf,PDF p.33 (printed 19); PDF p.34 (printed 20),Table 2.9 (fatal); Table 2.10 (serious)
2020,cause,8. Fall (other than falls of ground),Other falls,0,0,0,0,raw/dgms/sanket0404_2024.pdf,PDF p.33 (printed 19); PDF p.34 (printed 20),Table 2.9 (fatal); Table 2.10 (serious)
2020,cause,9. Other causes,Irruption of Water,1,2,0,0,raw/dgms/sanket0404_2024.pdf,PDF p.33 (printed 19); PDF p.34 (printed 20),Table 2.9 (fatal); Table 2.10 (serious)
2020,cause,9. Other causes,Flying Pieces,0,0,0,0,raw/dgms/sanket0404_2024.pdf,PDF p.33 (printed 19); PDF p.34 (printed 20),Table 2.9 (fatal); Table 2.10 (serious)
2020,cause,9. Other causes,Miscellaneous,5,5,15,15,raw/dgms/sanket0404_2024.pdf,PDF p.33 (printed 19); PDF p.34 (printed 20),Table 2.9 (fatal); Table 2.10 (serious)
2020,total,,TOTAL,48,53,117,138,raw/dgms/sanket0404_2024.pdf,PDF p.33 (printed 19); PDF p.34 (printed 20),Table 2.9 (fatal); Table 2.10 (serious)
2020,place,,below ground,15,16,68,75,raw/dgms/sanket0404_2024.pdf,PDF p.33 (printed 19); PDF p.34 (printed 20),Table 2.9 (fatal); Table 2.10 (serious)
2020,place,,opencast,24,28,21,34,raw/dgms/sanket0404_2024.pdf,PDF p.33 (printed 19); PDF p.34 (printed 20),Table 2.9 (fatal); Table 2.10 (serious)
2020,place,,above ground,9,9,28,29,raw/dgms/sanket0404_2024.pdf,PDF p.33 (printed 19); PDF p.34 (printed 20),Table 2.9 (fatal); Table 2.10 (serious)
2021,cause,1. Ground movement,Fall of Roof,6,10,2,3,raw/dgms/sanket0404_2024.pdf,PDF p.33 (printed 19); PDF p.34 (printed 20),Table 2.9 (fatal); Table 2.10 (serious)
2021,cause,1. Ground movement,Fall of Sides,3,4,7,8,raw/dgms/sanket0404_2024.pdf,PDF p.33 (printed 19); PDF p.34 (printed 20),Table 2.9 (fatal); Table 2.10 (serious)
2021,cause,1. Ground movement,Other Ground Movement,1,1,0,0,raw/dgms/sanket0404_2024.pdf,PDF p.33 (printed 19); PDF p.34 (printed 20),Table 2.9 (fatal); Table 2.10 (serious)
2021,cause,2. Transportation machinery (winding in shaft),Transportation machinery (winding in shaft),0,0,0,0,raw/dgms/sanket0404_2024.pdf,PDF p.33 (printed 19); PDF p.34 (printed 20),Table 2.9 (fatal); Table 2.10 (serious)
2021,cause,3. Transportation machinery (other than winding in shaft),Rope Haulage,1,1,17,17,raw/dgms/sanket0404_2024.pdf,PDF p.33 (printed 19); PDF p.34 (printed 20),Table 2.9 (fatal); Table 2.10 (serious)
2021,cause,3. Transportation machinery (other than winding in shaft),Wheeled Trackless Transp,11,14,9,10,raw/dgms/sanket0404_2024.pdf,PDF p.33 (printed 19); PDF p.34 (printed 20),Table 2.9 (fatal); Table 2.10 (serious)
2021,cause,3. Transportation machinery (other than winding in shaft),Other Transp. Machinery,2,2,3,3,raw/dgms/sanket0404_2024.pdf,PDF p.33 (printed 19); PDF p.34 (printed 20),Table 2.9 (fatal); Table 2.10 (serious)
2021,cause,4. Machinery other than transportation machinery,Machinery other than transportation machinery,4,4,22,23,raw/dgms/sanket0404_2024.pdf,PDF p.33 (printed 19); PDF p.34 (printed 20),Table 2.9 (fatal); Table 2.10 (serious)
2021,cause,5. Explosives,Explosives,2,2,1,1,raw/dgms/sanket0404_2024.pdf,PDF p.33 (printed 19); PDF p.34 (printed 20),Table 2.9 (fatal); Table 2.10 (serious)
2021,cause,6. Electricity,Electricity,3,3,0,0,raw/dgms/sanket0404_2024.pdf,PDF p.33 (printed 19); PDF p.34 (printed 20),Table 2.9 (fatal); Table 2.10 (serious)
2021,cause,"7. Gas, dust and other combustible material","Gas, dust and other combustible material",0,0,0,0,raw/dgms/sanket0404_2024.pdf,PDF p.33 (printed 19); PDF p.34 (printed 20),Table 2.9 (fatal); Table 2.10 (serious)
2021,cause,8. Fall (other than falls of ground),Fall of person,4,4,61,61,raw/dgms/sanket0404_2024.pdf,PDF p.33 (printed 19); PDF p.34 (printed 20),Table 2.9 (fatal); Table 2.10 (serious)
2021,cause,8. Fall (other than falls of ground),Fall of Object,2,2,22,23,raw/dgms/sanket0404_2024.pdf,PDF p.33 (printed 19); PDF p.34 (printed 20),Table 2.9 (fatal); Table 2.10 (serious)
2021,cause,8. Fall (other than falls of ground),Other falls,0,0,8,9,raw/dgms/sanket0404_2024.pdf,PDF p.33 (printed 19); PDF p.34 (printed 20),Table 2.9 (fatal); Table 2.10 (serious)
2021,cause,9. Other causes,Irruption of Water,0,0,0,0,raw/dgms/sanket0404_2024.pdf,PDF p.33 (printed 19); PDF p.34 (printed 20),Table 2.9 (fatal); Table 2.10 (serious)
2021,cause,9. Other causes,Flying Pieces,0,0,0,0,raw/dgms/sanket0404_2024.pdf,PDF p.33 (printed 19); PDF p.34 (printed 20),Table 2.9 (fatal); Table 2.10 (serious)
2021,cause,9. Other causes,Miscellaneous,4,4,34,35,raw/dgms/sanket0404_2024.pdf,PDF p.33 (printed 19); PDF p.34 (printed 20),Table 2.9 (fatal); Table 2.10 (serious)
2021,total,,TOTAL,43,51,186,193,raw/dgms/sanket0404_2024.pdf,PDF p.33 (printed 19); PDF p.34 (printed 20),Table 2.9 (fatal); Table 2.10 (serious)
2021,place,,below ground,16,21,108,111,raw/dgms/sanket0404_2024.pdf,PDF p.33 (printed 19); PDF p.34 (printed 20),Table 2.9 (fatal); Table 2.10 (serious)
2021,place,,opencast,21,23,32,34,raw/dgms/sanket0404_2024.pdf,PDF p.33 (printed 19); PDF p.34 (printed 20),Table 2.9 (fatal); Table 2.10 (serious)
2021,place,,above ground,6,7,46,48,raw/dgms/sanket0404_2024.pdf,PDF p.33 (printed 19); PDF p.34 (printed 20),Table 2.9 (fatal); Table 2.10 (serious)
2022,cause,1. Ground movement,Fall of Roof,4,5,3,4,raw/dgms/sanket0404_2024.pdf,PDF p.33 (printed 19); PDF p.34 (printed 20),Table 2.9 (fatal); Table 2.10 (serious)
2022,cause,1. Ground movement,Fall of Sides,3,6,6,8,raw/dgms/sanket0404_2024.pdf,PDF p.33 (printed 19); PDF p.34 (printed 20),Table 2.9 (fatal); Table 2.10 (serious)
2022,cause,1. Ground movement,Other Ground Movement,0,0,0,0,raw/dgms/sanket0404_2024.pdf,PDF p.33 (printed 19); PDF p.34 (printed 20),Table 2.9 (fatal); Table 2.10 (serious)
2022,cause,2. Transportation machinery (winding in shaft),Transportation machinery (winding in shaft),0,0,1,1,raw/dgms/sanket0404_2024.pdf,PDF p.33 (printed 19); PDF p.34 (printed 20),Table 2.9 (fatal); Table 2.10 (serious)
2022,cause,3. Transportation machinery (other than winding in shaft),Rope Haulage,1,1,12,12,raw/dgms/sanket0404_2024.pdf,PDF p.33 (printed 19); PDF p.34 (printed 20),Table 2.9 (fatal); Table 2.10 (serious)
2022,cause,3. Transportation machinery (other than winding in shaft),Wheeled Trackless Transp,4,4,13,15,raw/dgms/sanket0404_2024.pdf,PDF p.33 (printed 19); PDF p.34 (printed 20),Table 2.9 (fatal); Table 2.10 (serious)
2022,cause,3. Transportation machinery (other than winding in shaft),Other Transp. Machinery,0,0,3,3,raw/dgms/sanket0404_2024.pdf,PDF p.33 (printed 19); PDF p.34 (printed 20),Table 2.9 (fatal); Table 2.10 (serious)
2022,cause,4. Machinery other than transportation machinery,Machinery other than transportation machinery,3,3,22,22,raw/dgms/sanket0404_2024.pdf,PDF p.33 (printed 19); PDF p.34 (printed 20),Table 2.9 (fatal); Table 2.10 (serious)
2022,cause,5. Explosives,Explosives,0,0,2,4,raw/dgms/sanket0404_2024.pdf,PDF p.33 (printed 19); PDF p.34 (printed 20),Table 2.9 (fatal); Table 2.10 (serious)
2022,cause,6. Electricity,Electricity,1,1,0,0,raw/dgms/sanket0404_2024.pdf,PDF p.33 (printed 19); PDF p.34 (printed 20),Table 2.9 (fatal); Table 2.10 (serious)
2022,cause,"7. Gas, dust and other combustible material","Gas, dust and other combustible material",2,2,0,0,raw/dgms/sanket0404_2024.pdf,PDF p.33 (printed 19); PDF p.34 (printed 20),Table 2.9 (fatal); Table 2.10 (serious)
2022,cause,8. Fall (other than falls of ground),Fall of person,3,3,53,54,raw/dgms/sanket0404_2024.pdf,PDF p.33 (printed 19); PDF p.34 (printed 20),Table 2.9 (fatal); Table 2.10 (serious)
2022,cause,8. Fall (other than falls of ground),Fall of Object,2,2,18,19,raw/dgms/sanket0404_2024.pdf,PDF p.33 (printed 19); PDF p.34 (printed 20),Table 2.9 (fatal); Table 2.10 (serious)
2022,cause,8. Fall (other than falls of ground),Other falls,0,0,2,2,raw/dgms/sanket0404_2024.pdf,PDF p.33 (printed 19); PDF p.34 (printed 20),Table 2.9 (fatal); Table 2.10 (serious)
2022,cause,9. Other causes,Irruption of Water,0,0,0,0,raw/dgms/sanket0404_2024.pdf,PDF p.33 (printed 19); PDF p.34 (printed 20),Table 2.9 (fatal); Table 2.10 (serious)
2022,cause,9. Other causes,Flying Pieces,0,0,1,1,raw/dgms/sanket0404_2024.pdf,PDF p.33 (printed 19); PDF p.34 (printed 20),Table 2.9 (fatal); Table 2.10 (serious)
2022,cause,9. Other causes,Miscellaneous,1,1,45,45,raw/dgms/sanket0404_2024.pdf,PDF p.33 (printed 19); PDF p.34 (printed 20),Table 2.9 (fatal); Table 2.10 (serious)
2022,total,,TOTAL,24,28,181,190,raw/dgms/sanket0404_2024.pdf,PDF p.33 (printed 19); PDF p.34 (printed 20),Table 2.9 (fatal); Table 2.10 (serious)
2022,place,,below ground,9,12,94,100,raw/dgms/sanket0404_2024.pdf,PDF p.33 (printed 19); PDF p.34 (printed 20),Table 2.9 (fatal); Table 2.10 (serious)
2022,place,,opencast,11,12,44,47,raw/dgms/sanket0404_2024.pdf,PDF p.33 (printed 19); PDF p.34 (printed 20),Table 2.9 (fatal); Table 2.10 (serious)
2022,place,,above ground,4,4,43,43,raw/dgms/sanket0404_2024.pdf,PDF p.33 (printed 19); PDF p.34 (printed 20),Table 2.9 (fatal); Table 2.10 (serious)
