area_id,company_id,area_name,district,state,district_as_published,district_match,source_url,source_file,source_sha256,source_text
BCCL-BARORA,BCCL,Barora Area,,Jharkhand,,,https://bcclweb.in/?page_id=6102,raw/company_sites/bccl/bccl_areas_page.html,29fcb924b63b0eb197ea6c59756a4e9f973a038a9876999677e5fbf28cb21321,Barora Area
BCCL-BASTACOLLA,BCCL,Bastacolla Area,,Jharkhand,,,https://bcclweb.in/?page_id=6102,raw/company_sites/bccl/bccl_areas_page.html,29fcb924b63b0eb197ea6c59756a4e9f973a038a9876999677e5fbf28cb21321,Bastacolla Area
BCCL-BLOCK-II,BCCL,Block-II Area,,Jharkhand,,,https://bcclweb.in/?page_id=6102,raw/company_sites/bccl/bccl_areas_page.html,29fcb924b63b0eb197ea6c59756a4e9f973a038a9876999677e5fbf28cb21321,Block-II Area
BCCL-CV,BCCL,CV Area,,Jharkhand,,,https://bcclweb.in/?page_id=6102,raw/company_sites/bccl/bccl_areas_page.html,29fcb924b63b0eb197ea6c59756a4e9f973a038a9876999677e5fbf28cb21321,CV Area
BCCL-EJ,BCCL,EJ Area,,Jharkhand,,,https://bcclweb.in/?page_id=6102,raw/company_sites/bccl/bccl_areas_page.html,29fcb924b63b0eb197ea6c59756a4e9f973a038a9876999677e5fbf28cb21321,EJ Area
BCCL-GOVINDPUR,BCCL,Govindpur Area,,Jharkhand,,,https://bcclweb.in/?page_id=6102,raw/company_sites/bccl/bccl_areas_page.html,29fcb924b63b0eb197ea6c59756a4e9f973a038a9876999677e5fbf28cb21321,Govindpur Area
BCCL-KATRAS,BCCL,Katras Area,,Jharkhand,,,https://bcclweb.in/?page_id=6102,raw/company_sites/bccl/bccl_areas_page.html,29fcb924b63b0eb197ea6c59756a4e9f973a038a9876999677e5fbf28cb21321,Katras Area
BCCL-KUSUNDA,BCCL,Kusunda Area,,Jharkhand,,,https://bcclweb.in/?page_id=6102,raw/company_sites/bccl/bccl_areas_page.html,29fcb924b63b0eb197ea6c59756a4e9f973a038a9876999677e5fbf28cb21321,Kusunda Area
BCCL-LODNA,BCCL,Lodna Area,,Jharkhand,,,https://bcclweb.in/?page_id=6102,raw/company_sites/bccl/bccl_areas_page.html,29fcb924b63b0eb197ea6c59756a4e9f973a038a9876999677e5fbf28cb21321,Lodna Area
BCCL-PB,BCCL,PB Area,,Jharkhand,,,https://bcclweb.in/?page_id=6102,raw/company_sites/bccl/bccl_areas_page.html,29fcb924b63b0eb197ea6c59756a4e9f973a038a9876999677e5fbf28cb21321,PB Area
BCCL-SIJUA,BCCL,Sijua Area,,Jharkhand,,,https://bcclweb.in/?page_id=6102,raw/company_sites/bccl/bccl_areas_page.html,29fcb924b63b0eb197ea6c59756a4e9f973a038a9876999677e5fbf28cb21321,Sijua Area
BCCL-WJ,BCCL,WJ Area,,Jharkhand,,,https://bcclweb.in/?page_id=6102,raw/company_sites/bccl/bccl_areas_page.html,29fcb924b63b0eb197ea6c59756a4e9f973a038a9876999677e5fbf28cb21321,WJ Area
MCL-BASUNDHARA,MCL,Basundhara Area,,Odisha,,,https://www.mahanadicoal.in/About/eareas.php,raw/company_sites/mcl/mcl_coalfields_areas_page.html,5794b52284d489b26232aec9c3598db184b241ba52fff09017fad41eff5cb8ca,Basundhara Area
MCL-BHARATPUR,MCL,Bharatpur Area,,Odisha,,,https://www.mahanadicoal.in/About/eareas.php,raw/company_sites/mcl/mcl_coalfields_areas_page.html,5794b52284d489b26232aec9c3598db184b241ba52fff09017fad41eff5cb8ca,Bharatpur Area
MCL-HINGULA,MCL,Hingula Area,,Odisha,,,https://www.mahanadicoal.in/About/eareas.php,raw/company_sites/mcl/mcl_coalfields_areas_page.html,5794b52284d489b26232aec9c3598db184b241ba52fff09017fad41eff5cb8ca,Hingula Area
MCL-IB-VALLEY,MCL,IB Valley Area,,Odisha,,,https://www.mahanadicoal.in/About/eareas.php,raw/company_sites/mcl/mcl_coalfields_areas_page.html,5794b52284d489b26232aec9c3598db184b241ba52fff09017fad41eff5cb8ca,IB Valley Area
MCL-JAGANNATH,MCL,Jagannath Area,,Odisha,,,https://www.mahanadicoal.in/About/eareas.php,raw/company_sites/mcl/mcl_coalfields_areas_page.html,5794b52284d489b26232aec9c3598db184b241ba52fff09017fad41eff5cb8ca,Jagannath Area
MCL-LAKHANPUR,MCL,Lakhanpur Area,,Odisha,,,https://www.mahanadicoal.in/About/eareas.php,raw/company_sites/mcl/mcl_coalfields_areas_page.html,5794b52284d489b26232aec9c3598db184b241ba52fff09017fad41eff5cb8ca,Lakhanpur Area
MCL-LINGARAJ,MCL,Lingaraj Area,,Odisha,,,https://www.mahanadicoal.in/About/eareas.php,raw/company_sites/mcl/mcl_coalfields_areas_page.html,5794b52284d489b26232aec9c3598db184b241ba52fff09017fad41eff5cb8ca,Lingaraj Area
MCL-ORIENT,MCL,Orient Area,,Odisha,,,https://www.mahanadicoal.in/About/eareas.php,raw/company_sites/mcl/mcl_coalfields_areas_page.html,5794b52284d489b26232aec9c3598db184b241ba52fff09017fad41eff5cb8ca,Orient Area
MCL-TALCHER,MCL,Talcher Area,,Odisha,,,https://www.mahanadicoal.in/About/eareas.php,raw/company_sites/mcl/mcl_coalfields_areas_page.html,5794b52284d489b26232aec9c3598db184b241ba52fff09017fad41eff5cb8ca,Talcher Area
SCCL-ADRIYALA-PROJECTS,SCCL,Adriyala Projects Area,Peddapalli,Telangana,Peddapalli Dist.,exact,https://scclmines.com/scclnew/contact-us.asp,raw/company_sites/sccl/sccl_contact_page_lists_areas.html,906467ef7e6543636c14e5ad04755eebf33dd6ea7be41aa6a8ffa73a7e458d68,"Adriyala Projects Area, Peddapalli Dist."
SCCL-BELLAMPALLI,SCCL,Bellampalli Area,Kumaram Bheem Asifabad,Telangana,Komaram Bheem Dist.,fuzzy 92: source spelling 'Komaram Bheem' ~ 'Kumaram Bheem Asifabad' (accepted by the user 2026-09-26),https://scclmines.com/scclnew/contact-us.asp,raw/company_sites/sccl/sccl_contact_page_lists_areas.html,906467ef7e6543636c14e5ad04755eebf33dd6ea7be41aa6a8ffa73a7e458d68,"Bellampalli Area, Komaram Bheem Dist."
SCCL-BHUPALPALLI,SCCL,Bhupalpalli Area,Jayashankar Bhupalpally,Telangana,Jayashankar Dist.,prefix of 'Jayashankar Bhupalpally',https://scclmines.com/scclnew/contact-us.asp,raw/company_sites/sccl/sccl_contact_page_lists_areas.html,906467ef7e6543636c14e5ad04755eebf33dd6ea7be41aa6a8ffa73a7e458d68,"Bhupalpalli Area,Jayashankar Dist."
SCCL-KOTHAGUDEM,SCCL,Kothagudem Area,Bhadradri Kothagudem,Telangana,Bhadradri Kothagudem Dist.,exact,https://scclmines.com/scclnew/contact-us.asp,raw/company_sites/sccl/sccl_contact_page_lists_areas.html,906467ef7e6543636c14e5ad04755eebf33dd6ea7be41aa6a8ffa73a7e458d68,"Kothagudem Area, Bhadradri Kothagudem Dist."
SCCL-MANUGURU,SCCL,Manuguru Area,Bhadradri Kothagudem,Telangana,Bhadradri Kothagudem Dist.,exact,https://scclmines.com/scclnew/contact-us.asp,raw/company_sites/sccl/sccl_contact_page_lists_areas.html,906467ef7e6543636c14e5ad04755eebf33dd6ea7be41aa6a8ffa73a7e458d68,"Manuguru Area, Bhadradri Kothagudem Dist."
SCCL-NAINI,SCCL,Naini Area,Angul,Odisha,Angul Dist.,exact,https://scclmines.com/scclnew/contact-us.asp,raw/company_sites/sccl/sccl_contact_page_lists_areas.html,906467ef7e6543636c14e5ad04755eebf33dd6ea7be41aa6a8ffa73a7e458d68,"Naini Area, Angul Dist."
SCCL-RAMAGUNDAM-I,SCCL,Ramagundam-I Area,Peddapalli,Telangana,Peddapalli Dist.,exact,https://scclmines.com/scclnew/contact-us.asp,raw/company_sites/sccl/sccl_contact_page_lists_areas.html,906467ef7e6543636c14e5ad04755eebf33dd6ea7be41aa6a8ffa73a7e458d68,"Ramagundam-I Area, Peddapalli Dist."
SCCL-RAMAGUNDAM-II,SCCL,Ramagundam-II Area,Peddapalli,Telangana,Peddapalli Dist.,exact,https://scclmines.com/scclnew/contact-us.asp,raw/company_sites/sccl/sccl_contact_page_lists_areas.html,906467ef7e6543636c14e5ad04755eebf33dd6ea7be41aa6a8ffa73a7e458d68,"Ramagundam-II Area, Peddapalli Dist."
SCCL-RAMAGUNDAM-III,SCCL,Ramagundam-III Area,Peddapalli,Telangana,Peddapalli Dist.,exact,https://scclmines.com/scclnew/contact-us.asp,raw/company_sites/sccl/sccl_contact_page_lists_areas.html,906467ef7e6543636c14e5ad04755eebf33dd6ea7be41aa6a8ffa73a7e458d68,"Ramagundam-III Area, Peddapalli Dist."
SCCL-SATHUPALLY,SCCL,Sathupally Area,Khammam,Telangana,Kothagudem Dist.,"published 'Kothagudem Dist.' matches no district; district from GEM Global Coal Mine Tracker Aug 2026: M0546 'JVR I Coal Mine' (AKAs: JVR OC I, Sathupalli, Jalagam Vengala Rao Opencast I) - Prefecture, District = 'Khammam'",https://scclmines.com/scclnew/contact-us.asp,raw/company_sites/sccl/sccl_contact_page_lists_areas.html,906467ef7e6543636c14e5ad04755eebf33dd6ea7be41aa6a8ffa73a7e458d68,"Sathupally Area, Kothagudem Dist."
SCCL-SRIRAMPUR,SCCL,Srirampur Area,Mancherial,Telangana,Mancherial Dist.,exact,https://scclmines.com/scclnew/contact-us.asp,raw/company_sites/sccl/sccl_contact_page_lists_areas.html,906467ef7e6543636c14e5ad04755eebf33dd6ea7be41aa6a8ffa73a7e458d68,"Srirampur Area, Mancherial Dist."
SCCL-YELLANDU,SCCL,Yellandu Area,Bhadradri Kothagudem,Telangana,Bhadradri Kothagudem Dist.,exact,https://scclmines.com/scclnew/contact-us.asp,raw/company_sites/sccl/sccl_contact_page_lists_areas.html,906467ef7e6543636c14e5ad04755eebf33dd6ea7be41aa6a8ffa73a7e458d68,"Yellandu Area, Bhadradri Kothagudem Dist."
WCL-BALLARPUR,WCL,Ballarpur Area,,,"AGM Office, Ballarpur, Maharashtra",none named,https://www.westerncoal.in/en/areas,raw/company_sites/wcl/wcl_areas_page.html,9e556819a675f7d62f7a38c0238969ec94f2873d2bc4a13cc2694f879a6c24dc,"Ballarpur Area | AGM Office, Ballarpur, Maharashtra"
WCL-CHANDRAPUR,WCL,Chandrapur Area,Chandrapur,Maharashtra,"AGM Office, near Mahakali Colliery Chandrapur, 442403",exact,https://www.westerncoal.in/en/areas,raw/company_sites/wcl/wcl_areas_page.html,9e556819a675f7d62f7a38c0238969ec94f2873d2bc4a13cc2694f879a6c24dc,"Chandrapur Area | AGM Office, near Mahakali Colliery Chandrapur, 442403"
WCL-KANHAN,WCL,Kanhan Area,Chhindwara,Madhya Pradesh,"AGM Office Dungaria, Chhindwara",exact,https://www.westerncoal.in/en/areas,raw/company_sites/wcl/wcl_areas_page.html,9e556819a675f7d62f7a38c0238969ec94f2873d2bc4a13cc2694f879a6c24dc,"Kanhan Area | AGM Office Dungaria, Chhindwara"
WCL-MAJRI,WCL,Majri Area,,,"AGM office, Kuchna, Maharashtra",none named,https://www.westerncoal.in/en/areas,raw/company_sites/wcl/wcl_areas_page.html,9e556819a675f7d62f7a38c0238969ec94f2873d2bc4a13cc2694f879a6c24dc,"Majri Area | AGM office, Kuchna, Maharashtra"
WCL-NAGPUR,WCL,Nagpur Area,Nagpur,Maharashtra,"AGM office, Kasturba Nagar , Jaripataka Nagpur, Maharashtra",exact,https://www.westerncoal.in/en/areas,raw/company_sites/wcl/wcl_areas_page.html,9e556819a675f7d62f7a38c0238969ec94f2873d2bc4a13cc2694f879a6c24dc,"Nagpur Area | AGM office, Kasturba Nagar , Jaripataka Nagpur, Maharashtra"
WCL-PATHAKHERA,WCL,Pathakhera Area,Betul,Madhya Pradesh,"AGM office, Betul, Madhya Pradesh",exact,https://www.westerncoal.in/en/areas,raw/company_sites/wcl/wcl_areas_page.html,9e556819a675f7d62f7a38c0238969ec94f2873d2bc4a13cc2694f879a6c24dc,"Pathakhera Area | AGM office, Betul, Madhya Pradesh"
WCL-PENCH,WCL,Pench Area,Chhindwara,Madhya Pradesh,"AGM office, Parasia, Chinndwara Madhya Pradesh",fuzzy 90 (source spells it 'Chinndwara'),https://www.westerncoal.in/en/areas,raw/company_sites/wcl/wcl_areas_page.html,9e556819a675f7d62f7a38c0238969ec94f2873d2bc4a13cc2694f879a6c24dc,"Pench Area | AGM office, Parasia, Chinndwara Madhya Pradesh"
WCL-UMRER,WCL,Umrer Area,Nagpur,Maharashtra,"Umrer, Nagpur - 441204, Maharastra",exact,https://www.westerncoal.in/en/areas,raw/company_sites/wcl/wcl_areas_page.html,9e556819a675f7d62f7a38c0238969ec94f2873d2bc4a13cc2694f879a6c24dc,"Umrer Area | Umrer, Nagpur - 441204, Maharastra"
WCL-WANI,WCL,Wani Area,Chandrapur,Maharashtra,"AGM office, Urjagram Chandrapur, Maharashtra",exact,https://www.westerncoal.in/en/areas,raw/company_sites/wcl/wcl_areas_page.html,9e556819a675f7d62f7a38c0238969ec94f2873d2bc4a13cc2694f879a6c24dc,"Wani Area | AGM office, Urjagram Chandrapur, Maharashtra"
WCL-WANI-NORTH,WCL,Wani North Area,,,"Bhalar Township, Welhala, Maharashtra",none named,https://www.westerncoal.in/en/areas,raw/company_sites/wcl/wcl_areas_page.html,9e556819a675f7d62f7a38c0238969ec94f2873d2bc4a13cc2694f879a6c24dc,"Wani North Area | Bhalar Township, Welhala, Maharashtra"
