company_id,name,parent_id,type,type_source,self_description,notes
CIL,Coal India Ltd,,holding,"Ministry of Coal, Monthly Coal Statistics Aug'2026 (Provisional), p.1 (raw/moc/monthly/msg-Aug26.pdf): the CIL row (target 52.54 Mt) equals the sum of rows ECL, BCCL, CCL, NCL, WCL, SECL, MCL and NEC (52.54 Mt); SCCL is listed separately, outside CIL",,"Also the seed operator of 5 mines, kept as CIL itself. NEC (North Eastern Coalfields) is a CIL row in the same table but is not a seed operator, so it is not listed as a company."
ECL,Eastern Coalfields Ltd,CIL,subsidiary,"Ministry of Coal, Monthly Coal Statistics Aug'2026 (Provisional), p.1 (raw/moc/monthly/msg-Aug26.pdf): the CIL row (target 52.54 Mt) equals the sum of rows ECL, BCCL, CCL, NCL, WCL, SECL, MCL and NEC (52.54 Mt); SCCL is listed separately, outside CIL",,
BCCL,Bharat Coking Coal Ltd,CIL,subsidiary,"Ministry of Coal, Monthly Coal Statistics Aug'2026 (Provisional), p.1 (raw/moc/monthly/msg-Aug26.pdf): the CIL row (target 52.54 Mt) equals the sum of rows ECL, BCCL, CCL, NCL, WCL, SECL, MCL and NEC (52.54 Mt); SCCL is listed separately, outside CIL","""Bharat Coking Coal Limited (A Mini Ratna Company)"" (raw/company_sites/bccl/bccl_areas_page.html)",
CCL,Central Coalfields Ltd,CIL,subsidiary,"Ministry of Coal, Monthly Coal Statistics Aug'2026 (Provisional), p.1 (raw/moc/monthly/msg-Aug26.pdf): the CIL row (target 52.54 Mt) equals the sum of rows ECL, BCCL, CCL, NCL, WCL, SECL, MCL and NEC (52.54 Mt); SCCL is listed separately, outside CIL",,
NCL,Northern Coalfields Ltd,CIL,subsidiary,"Ministry of Coal, Monthly Coal Statistics Aug'2026 (Provisional), p.1 (raw/moc/monthly/msg-Aug26.pdf): the CIL row (target 52.54 Mt) equals the sum of rows ECL, BCCL, CCL, NCL, WCL, SECL, MCL and NEC (52.54 Mt); SCCL is listed separately, outside CIL","""A mini ratna company A Government of India Undertaking"" (raw/company_sites/ncl/ncl_overview_projects.html)",
WCL,Western Coalfields Ltd,CIL,subsidiary,"Ministry of Coal, Monthly Coal Statistics Aug'2026 (Provisional), p.1 (raw/moc/monthly/msg-Aug26.pdf): the CIL row (target 52.54 Mt) equals the sum of rows ECL, BCCL, CCL, NCL, WCL, SECL, MCL and NEC (52.54 Mt); SCCL is listed separately, outside CIL; and its own page: ""A Miniratna Company A Subsidiary of Coal India Limited"" (raw/company_sites/wcl/wcl_areas_page.html)","""A Miniratna Company A Subsidiary of Coal India Limited"" (raw/company_sites/wcl/wcl_areas_page.html)",
SECL,South Eastern Coalfields Ltd,CIL,subsidiary,"Ministry of Coal, Monthly Coal Statistics Aug'2026 (Provisional), p.1 (raw/moc/monthly/msg-Aug26.pdf): the CIL row (target 52.54 Mt) equals the sum of rows ECL, BCCL, CCL, NCL, WCL, SECL, MCL and NEC (52.54 Mt); SCCL is listed separately, outside CIL",,
MCL,Mahanadi Coalfields Ltd,CIL,subsidiary,"Ministry of Coal, Monthly Coal Statistics Aug'2026 (Provisional), p.1 (raw/moc/monthly/msg-Aug26.pdf): the CIL row (target 52.54 Mt) equals the sum of rows ECL, BCCL, CCL, NCL, WCL, SECL, MCL and NEC (52.54 Mt); SCCL is listed separately, outside CIL; and its own page: ""A Miniratna Subsidiary Company of Coal India Limited"" (raw/company_sites/mcl/mcl_coalfields_areas_page.html)","""A Miniratna Subsidiary Company of Coal India Limited"" (raw/company_sites/mcl/mcl_coalfields_areas_page.html)",
SCCL,Singareni Collieries Company Ltd,,state_jv,"Own about-us page: ""jointly owned by the Government of Telangana and Government of India on a 51:49 equity basis"" (https://scclmines.com/scclnew/company_about-us.asp; raw/company_sites/sccl/sccl_about_us_page_ownership.html); Ministry of Coal, Monthly Coal Statistics Aug'2026 (Provisional), p.1 (raw/moc/monthly/msg-Aug26.pdf): listed separately from CIL","""The Singareni Collieries Company Limited (A Government Company)"" (raw/company_sites/sccl/sccl_contact_page_lists_areas.html)",
NLC,NLC India Ltd,,psu,"Own corporate profile: ""NLCIL is a Navratna Government of India Enterprise, under the administrative control of Ministry of Coal"" (https://www.nlcindia.in/website/en/aboutus/corporateprofile.html; raw/company_sites/nlc/nlc_india_corporate_profile_ownership.html)","""NLCIL is a Navratna Government of India Enterprise, under the administrative control of Ministry of Coal"" (https://www.nlcindia.in/website/en/aboutus/corporateprofile.html; raw/company_sites/nlc/nlc_india_corporate_profile_ownership.html)","Not a row in the Ministry of Coal coal-production table, which covers coal, not lignite."
