year,cause,dangerous_occurrences,source_file,source_page,source_table
2013,"Over winding of cages, skip or bucket",1,raw/dgms/sanket0404_2024.pdf,PDF p.30 (printed 16),Table 2.6
2013,Spontaneous heating of coal in underground,4,raw/dgms/sanket0404_2024.pdf,PDF p.30 (printed 16),Table 2.6
2013,Spontaneous heating of coal on surface,3,raw/dgms/sanket0404_2024.pdf,PDF p.30 (printed 16),Table 2.6
2013,Spontaneous heating of coal in opencast,2,raw/dgms/sanket0404_2024.pdf,PDF p.30 (printed 16),Table 2.6
2013,Outbreak of fire underground from spontaneous heating,1,raw/dgms/sanket0404_2024.pdf,PDF p.30 (printed 16),Table 2.6
2013,Outbreak of fire underground from causes other than spontaneous heating,0,raw/dgms/sanket0404_2024.pdf,PDF p.30 (printed 16),Table 2.6
2013,Outbreak of fire in quarry from causes other than spontaneous heating,1,raw/dgms/sanket0404_2024.pdf,PDF p.30 (printed 16),Table 2.6
2013,Outbreak of fire on surface from causes other than spontaneous heating,2,raw/dgms/sanket0404_2024.pdf,PDF p.30 (printed 16),Table 2.6
2013,Premature collapse of workings or failure of pillars,1,raw/dgms/sanket0404_2024.pdf,PDF p.30 (printed 16),Table 2.6
2013,Influx of noxious gases,2,raw/dgms/sanket0404_2024.pdf,PDF p.30 (printed 16),Table 2.6
2013,Breakage of winding rope,1,raw/dgms/sanket0404_2024.pdf,PDF p.30 (printed 16),Table 2.6
2013,"Breakdown of winding engine, crank shaft, bearing etc.",1,raw/dgms/sanket0404_2024.pdf,PDF p.30 (printed 16),Table 2.6
2013,Ignition or occurrence of inflammable gas,0,raw/dgms/sanket0404_2024.pdf,PDF p.30 (printed 16),Table 2.6
2013,"Breakage, fracture or failure of essential parts of machinery or apparatus whereby safety of persons was endangered",0,raw/dgms/sanket0404_2024.pdf,PDF p.30 (printed 16),Table 2.6
2013,Irruption of water,1,raw/dgms/sanket0404_2024.pdf,PDF p.30 (printed 16),Table 2.6
2013,Subsidences,0,raw/dgms/sanket0404_2024.pdf,PDF p.30 (printed 16),Table 2.6
2013,Explosives,0,raw/dgms/sanket0404_2024.pdf,PDF p.30 (printed 16),Table 2.6
2013,Others,27,raw/dgms/sanket0404_2024.pdf,PDF p.30 (printed 16),Table 2.6
2014,"Over winding of cages, skip or bucket",2,raw/dgms/sanket0404_2024.pdf,PDF p.30 (printed 16),Table 2.6
2014,Spontaneous heating of coal in underground,2,raw/dgms/sanket0404_2024.pdf,PDF p.30 (printed 16),Table 2.6
2014,Spontaneous heating of coal on surface,0,raw/dgms/sanket0404_2024.pdf,PDF p.30 (printed 16),Table 2.6
2014,Spontaneous heating of coal in opencast,0,raw/dgms/sanket0404_2024.pdf,PDF p.30 (printed 16),Table 2.6
2014,Outbreak of fire underground from spontaneous heating,0,raw/dgms/sanket0404_2024.pdf,PDF p.30 (printed 16),Table 2.6
2014,Outbreak of fire underground from causes other than spontaneous heating,0,raw/dgms/sanket0404_2024.pdf,PDF p.30 (printed 16),Table 2.6
2014,Outbreak of fire in quarry from causes other than spontaneous heating,0,raw/dgms/sanket0404_2024.pdf,PDF p.30 (printed 16),Table 2.6
2014,Outbreak of fire on surface from causes other than spontaneous heating,2,raw/dgms/sanket0404_2024.pdf,PDF p.30 (printed 16),Table 2.6
2014,Premature collapse of workings or failure of pillars,0,raw/dgms/sanket0404_2024.pdf,PDF p.30 (printed 16),Table 2.6
2014,Influx of noxious gases,0,raw/dgms/sanket0404_2024.pdf,PDF p.30 (printed 16),Table 2.6
2014,Breakage of winding rope,0,raw/dgms/sanket0404_2024.pdf,PDF p.30 (printed 16),Table 2.6
2014,"Breakdown of winding engine, crank shaft, bearing etc.",1,raw/dgms/sanket0404_2024.pdf,PDF p.30 (printed 16),Table 2.6
2014,Ignition or occurrence of inflammable gas,1,raw/dgms/sanket0404_2024.pdf,PDF p.30 (printed 16),Table 2.6
2014,"Breakage, fracture or failure of essential parts of machinery or apparatus whereby safety of persons was endangered",1,raw/dgms/sanket0404_2024.pdf,PDF p.30 (printed 16),Table 2.6
2014,Irruption of water,4,raw/dgms/sanket0404_2024.pdf,PDF p.30 (printed 16),Table 2.6
2014,Subsidences,0,raw/dgms/sanket0404_2024.pdf,PDF p.30 (printed 16),Table 2.6
2014,Explosives,1,raw/dgms/sanket0404_2024.pdf,PDF p.30 (printed 16),Table 2.6
2014,Others,41,raw/dgms/sanket0404_2024.pdf,PDF p.30 (printed 16),Table 2.6
2015,"Over winding of cages, skip or bucket",0,raw/dgms/sanket0404_2024.pdf,PDF p.30 (printed 16),Table 2.6
2015,Spontaneous heating of coal in underground,0,raw/dgms/sanket0404_2024.pdf,PDF p.30 (printed 16),Table 2.6
2015,Spontaneous heating of coal on surface,7,raw/dgms/sanket0404_2024.pdf,PDF p.30 (printed 16),Table 2.6
2015,Spontaneous heating of coal in opencast,0,raw/dgms/sanket0404_2024.pdf,PDF p.30 (printed 16),Table 2.6
2015,Outbreak of fire underground from spontaneous heating,0,raw/dgms/sanket0404_2024.pdf,PDF p.30 (printed 16),Table 2.6
2015,Outbreak of fire underground from causes other than spontaneous heating,0,raw/dgms/sanket0404_2024.pdf,PDF p.30 (printed 16),Table 2.6
2015,Outbreak of fire in quarry from causes other than spontaneous heating,1,raw/dgms/sanket0404_2024.pdf,PDF p.30 (printed 16),Table 2.6
2015,Outbreak of fire on surface from causes other than spontaneous heating,2,raw/dgms/sanket0404_2024.pdf,PDF p.30 (printed 16),Table 2.6
2015,Premature collapse of workings or failure of pillars,1,raw/dgms/sanket0404_2024.pdf,PDF p.30 (printed 16),Table 2.6
2015,Influx of noxious gases,0,raw/dgms/sanket0404_2024.pdf,PDF p.30 (printed 16),Table 2.6
2015,Breakage of winding rope,0,raw/dgms/sanket0404_2024.pdf,PDF p.30 (printed 16),Table 2.6
2015,"Breakdown of winding engine, crank shaft, bearing etc.",0,raw/dgms/sanket0404_2024.pdf,PDF p.30 (printed 16),Table 2.6
2015,Ignition or occurrence of inflammable gas,0,raw/dgms/sanket0404_2024.pdf,PDF p.30 (printed 16),Table 2.6
2015,"Breakage, fracture or failure of essential parts of machinery or apparatus whereby safety of persons was endangered",6,raw/dgms/sanket0404_2024.pdf,PDF p.30 (printed 16),Table 2.6
2015,Irruption of water,1,raw/dgms/sanket0404_2024.pdf,PDF p.30 (printed 16),Table 2.6
2015,Subsidences,0,raw/dgms/sanket0404_2024.pdf,PDF p.30 (printed 16),Table 2.6
2015,Explosives,0,raw/dgms/sanket0404_2024.pdf,PDF p.30 (printed 16),Table 2.6
2015,Others,13,raw/dgms/sanket0404_2024.pdf,PDF p.30 (printed 16),Table 2.6
2016,"Over winding of cages, skip or bucket",1,raw/dgms/sanket0404_2024.pdf,PDF p.30 (printed 16),Table 2.6
2016,Spontaneous heating of coal in underground,2,raw/dgms/sanket0404_2024.pdf,PDF p.30 (printed 16),Table 2.6
2016,Spontaneous heating of coal on surface,0,raw/dgms/sanket0404_2024.pdf,PDF p.30 (printed 16),Table 2.6
2016,Spontaneous heating of coal in opencast,0,raw/dgms/sanket0404_2024.pdf,PDF p.30 (printed 16),Table 2.6
2016,Outbreak of fire underground from spontaneous heating,0,raw/dgms/sanket0404_2024.pdf,PDF p.30 (printed 16),Table 2.6
2016,Outbreak of fire underground from causes other than spontaneous heating,0,raw/dgms/sanket0404_2024.pdf,PDF p.30 (printed 16),Table 2.6
2016,Outbreak of fire in quarry from causes other than spontaneous heating,1,raw/dgms/sanket0404_2024.pdf,PDF p.30 (printed 16),Table 2.6
2016,Outbreak of fire on surface from causes other than spontaneous heating,2,raw/dgms/sanket0404_2024.pdf,PDF p.30 (printed 16),Table 2.6
2016,Premature collapse of workings or failure of pillars,2,raw/dgms/sanket0404_2024.pdf,PDF p.30 (printed 16),Table 2.6
2016,Influx of noxious gases,1,raw/dgms/sanket0404_2024.pdf,PDF p.30 (printed 16),Table 2.6
2016,Breakage of winding rope,0,raw/dgms/sanket0404_2024.pdf,PDF p.30 (printed 16),Table 2.6
2016,"Breakdown of winding engine, crank shaft, bearing etc.",0,raw/dgms/sanket0404_2024.pdf,PDF p.30 (printed 16),Table 2.6
2016,Ignition or occurrence of inflammable gas,1,raw/dgms/sanket0404_2024.pdf,PDF p.30 (printed 16),Table 2.6
2016,"Breakage, fracture or failure of essential parts of machinery or apparatus whereby safety of persons was endangered",0,raw/dgms/sanket0404_2024.pdf,PDF p.30 (printed 16),Table 2.6
2016,Irruption of water,0,raw/dgms/sanket0404_2024.pdf,PDF p.30 (printed 16),Table 2.6
2016,Subsidences,0,raw/dgms/sanket0404_2024.pdf,PDF p.30 (printed 16),Table 2.6
2016,Explosives,0,raw/dgms/sanket0404_2024.pdf,PDF p.30 (printed 16),Table 2.6
2016,Others,9,raw/dgms/sanket0404_2024.pdf,PDF p.30 (printed 16),Table 2.6
2017,"Over winding of cages, skip or bucket",0,raw/dgms/sanket0404_2024.pdf,PDF p.30 (printed 16),Table 2.6
2017,Spontaneous heating of coal in underground,3,raw/dgms/sanket0404_2024.pdf,PDF p.30 (printed 16),Table 2.6
2017,Spontaneous heating of coal on surface,0,raw/dgms/sanket0404_2024.pdf,PDF p.30 (printed 16),Table 2.6
2017,Spontaneous heating of coal in opencast,1,raw/dgms/sanket0404_2024.pdf,PDF p.30 (printed 16),Table 2.6
2017,Outbreak of fire underground from spontaneous heating,0,raw/dgms/sanket0404_2024.pdf,PDF p.30 (printed 16),Table 2.6
2017,Outbreak of fire underground from causes other than spontaneous heating,0,raw/dgms/sanket0404_2024.pdf,PDF p.30 (printed 16),Table 2.6
2017,Outbreak of fire in quarry from causes other than spontaneous heating,0,raw/dgms/sanket0404_2024.pdf,PDF p.30 (printed 16),Table 2.6
2017,Outbreak of fire on surface from causes other than spontaneous heating,4,raw/dgms/sanket0404_2024.pdf,PDF p.30 (printed 16),Table 2.6
2017,Premature collapse of workings or failure of pillars,0,raw/dgms/sanket0404_2024.pdf,PDF p.30 (printed 16),Table 2.6
2017,Influx of noxious gases,1,raw/dgms/sanket0404_2024.pdf,PDF p.30 (printed 16),Table 2.6
2017,Breakage of winding rope,0,raw/dgms/sanket0404_2024.pdf,PDF p.30 (printed 16),Table 2.6
2017,"Breakdown of winding engine, crank shaft, bearing etc.",0,raw/dgms/sanket0404_2024.pdf,PDF p.30 (printed 16),Table 2.6
2017,Ignition or occurrence of inflammable gas,1,raw/dgms/sanket0404_2024.pdf,PDF p.30 (printed 16),Table 2.6
2017,"Breakage, fracture or failure of essential parts of machinery or apparatus whereby safety of persons was endangered",0,raw/dgms/sanket0404_2024.pdf,PDF p.30 (printed 16),Table 2.6
2017,Irruption of water,2,raw/dgms/sanket0404_2024.pdf,PDF p.30 (printed 16),Table 2.6
2017,Subsidences,4,raw/dgms/sanket0404_2024.pdf,PDF p.30 (printed 16),Table 2.6
2017,Explosives,2,raw/dgms/sanket0404_2024.pdf,PDF p.30 (printed 16),Table 2.6
2017,Others,8,raw/dgms/sanket0404_2024.pdf,PDF p.30 (printed 16),Table 2.6
2018,"Over winding of cages, skip or bucket",0,raw/dgms/sanket0404_2024.pdf,PDF p.30 (printed 16),Table 2.6
2018,Spontaneous heating of coal in underground,0,raw/dgms/sanket0404_2024.pdf,PDF p.30 (printed 16),Table 2.6
2018,Spontaneous heating of coal on surface,0,raw/dgms/sanket0404_2024.pdf,PDF p.30 (printed 16),Table 2.6
2018,Spontaneous heating of coal in opencast,1,raw/dgms/sanket0404_2024.pdf,PDF p.30 (printed 16),Table 2.6
2018,Outbreak of fire underground from spontaneous heating,0,raw/dgms/sanket0404_2024.pdf,PDF p.30 (printed 16),Table 2.6
2018,Outbreak of fire underground from causes other than spontaneous heating,1,raw/dgms/sanket0404_2024.pdf,PDF p.30 (printed 16),Table 2.6
2018,Outbreak of fire in quarry from causes other than spontaneous heating,0,raw/dgms/sanket0404_2024.pdf,PDF p.30 (printed 16),Table 2.6
2018,Outbreak of fire on surface from causes other than spontaneous heating,8,raw/dgms/sanket0404_2024.pdf,PDF p.30 (printed 16),Table 2.6
2018,Premature collapse of workings or failure of pillars,1,raw/dgms/sanket0404_2024.pdf,PDF p.30 (printed 16),Table 2.6
2018,Influx of noxious gases,0,raw/dgms/sanket0404_2024.pdf,PDF p.30 (printed 16),Table 2.6
2018,Breakage of winding rope,0,raw/dgms/sanket0404_2024.pdf,PDF p.30 (printed 16),Table 2.6
2018,"Breakdown of winding engine, crank shaft, bearing etc.",0,raw/dgms/sanket0404_2024.pdf,PDF p.30 (printed 16),Table 2.6
2018,Ignition or occurrence of inflammable gas,2,raw/dgms/sanket0404_2024.pdf,PDF p.30 (printed 16),Table 2.6
2018,"Breakage, fracture or failure of essential parts of machinery or apparatus whereby safety of persons was endangered",1,raw/dgms/sanket0404_2024.pdf,PDF p.30 (printed 16),Table 2.6
2018,Irruption of water,0,raw/dgms/sanket0404_2024.pdf,PDF p.30 (printed 16),Table 2.6
2018,Subsidences,0,raw/dgms/sanket0404_2024.pdf,PDF p.30 (printed 16),Table 2.6
2018,Explosives,1,raw/dgms/sanket0404_2024.pdf,PDF p.30 (printed 16),Table 2.6
2018,Others,9,raw/dgms/sanket0404_2024.pdf,PDF p.30 (printed 16),Table 2.6
2019,"Over winding of cages, skip or bucket",0,raw/dgms/sanket0404_2024.pdf,PDF p.30 (printed 16),Table 2.6
2019,Spontaneous heating of coal in underground,1,raw/dgms/sanket0404_2024.pdf,PDF p.30 (printed 16),Table 2.6
2019,Spontaneous heating of coal on surface,0,raw/dgms/sanket0404_2024.pdf,PDF p.30 (printed 16),Table 2.6
2019,Spontaneous heating of coal in opencast,0,raw/dgms/sanket0404_2024.pdf,PDF p.30 (printed 16),Table 2.6
2019,Outbreak of fire underground from spontaneous heating,0,raw/dgms/sanket0404_2024.pdf,PDF p.30 (printed 16),Table 2.6
2019,Outbreak of fire underground from causes other than spontaneous heating,0,raw/dgms/sanket0404_2024.pdf,PDF p.30 (printed 16),Table 2.6
2019,Outbreak of fire in quarry from causes other than spontaneous heating,0,raw/dgms/sanket0404_2024.pdf,PDF p.30 (printed 16),Table 2.6
2019,Outbreak of fire on surface from causes other than spontaneous heating,2,raw/dgms/sanket0404_2024.pdf,PDF p.30 (printed 16),Table 2.6
2019,Premature collapse of workings or failure of pillars,0,raw/dgms/sanket0404_2024.pdf,PDF p.30 (printed 16),Table 2.6
2019,Influx of noxious gases,0,raw/dgms/sanket0404_2024.pdf,PDF p.30 (printed 16),Table 2.6
2019,Breakage of winding rope,0,raw/dgms/sanket0404_2024.pdf,PDF p.30 (printed 16),Table 2.6
2019,"Breakdown of winding engine, crank shaft, bearing etc.",2,raw/dgms/sanket0404_2024.pdf,PDF p.30 (printed 16),Table 2.6
2019,Ignition or occurrence of inflammable gas,0,raw/dgms/sanket0404_2024.pdf,PDF p.30 (printed 16),Table 2.6
2019,"Breakage, fracture or failure of essential parts of machinery or apparatus whereby safety of persons was endangered",2,raw/dgms/sanket0404_2024.pdf,PDF p.30 (printed 16),Table 2.6
2019,Irruption of water,0,raw/dgms/sanket0404_2024.pdf,PDF p.30 (printed 16),Table 2.6
2019,Subsidences,0,raw/dgms/sanket0404_2024.pdf,PDF p.30 (printed 16),Table 2.6
2019,Explosives,0,raw/dgms/sanket0404_2024.pdf,PDF p.30 (printed 16),Table 2.6
2019,Others,1,raw/dgms/sanket0404_2024.pdf,PDF p.30 (printed 16),Table 2.6
2020,"Over winding of cages, skip or bucket",0,raw/dgms/sanket0404_2024.pdf,PDF p.30 (printed 16),Table 2.6
2020,Spontaneous heating of coal in underground,1,raw/dgms/sanket0404_2024.pdf,PDF p.30 (printed 16),Table 2.6
2020,Spontaneous heating of coal on surface,0,raw/dgms/sanket0404_2024.pdf,PDF p.30 (printed 16),Table 2.6
2020,Spontaneous heating of coal in opencast,1,raw/dgms/sanket0404_2024.pdf,PDF p.30 (printed 16),Table 2.6
2020,Outbreak of fire underground from spontaneous heating,0,raw/dgms/sanket0404_2024.pdf,PDF p.30 (printed 16),Table 2.6
2020,Outbreak of fire underground from causes other than spontaneous heating,0,raw/dgms/sanket0404_2024.pdf,PDF p.30 (printed 16),Table 2.6
2020,Outbreak of fire in quarry from causes other than spontaneous heating,0,raw/dgms/sanket0404_2024.pdf,PDF p.30 (printed 16),Table 2.6
2020,Outbreak of fire on surface from causes other than spontaneous heating,2,raw/dgms/sanket0404_2024.pdf,PDF p.30 (printed 16),Table 2.6
2020,Premature collapse of workings or failure of pillars,0,raw/dgms/sanket0404_2024.pdf,PDF p.30 (printed 16),Table 2.6
2020,Influx of noxious gases,0,raw/dgms/sanket0404_2024.pdf,PDF p.30 (printed 16),Table 2.6
2020,Breakage of winding rope,0,raw/dgms/sanket0404_2024.pdf,PDF p.30 (printed 16),Table 2.6
2020,"Breakdown of winding engine, crank shaft, bearing etc.",0,raw/dgms/sanket0404_2024.pdf,PDF p.30 (printed 16),Table 2.6
2020,Ignition or occurrence of inflammable gas,1,raw/dgms/sanket0404_2024.pdf,PDF p.30 (printed 16),Table 2.6
2020,"Breakage, fracture or failure of essential parts of machinery or apparatus whereby safety of persons was endangered",1,raw/dgms/sanket0404_2024.pdf,PDF p.30 (printed 16),Table 2.6
2020,Irruption of water,1,raw/dgms/sanket0404_2024.pdf,PDF p.30 (printed 16),Table 2.6
2020,Subsidences,0,raw/dgms/sanket0404_2024.pdf,PDF p.30 (printed 16),Table 2.6
2020,Explosives,2,raw/dgms/sanket0404_2024.pdf,PDF p.30 (printed 16),Table 2.6
2020,Others,11,raw/dgms/sanket0404_2024.pdf,PDF p.30 (printed 16),Table 2.6
2021,"Over winding of cages, skip or bucket",0,raw/dgms/sanket0404_2024.pdf,PDF p.30 (printed 16),Table 2.6
2021,Spontaneous heating of coal in underground,2,raw/dgms/sanket0404_2024.pdf,PDF p.30 (printed 16),Table 2.6
2021,Spontaneous heating of coal on surface,0,raw/dgms/sanket0404_2024.pdf,PDF p.30 (printed 16),Table 2.6
2021,Spontaneous heating of coal in opencast,0,raw/dgms/sanket0404_2024.pdf,PDF p.30 (printed 16),Table 2.6
2021,Outbreak of fire underground from spontaneous heating,0,raw/dgms/sanket0404_2024.pdf,PDF p.30 (printed 16),Table 2.6
2021,Outbreak of fire underground from causes other than spontaneous heating,1,raw/dgms/sanket0404_2024.pdf,PDF p.30 (printed 16),Table 2.6
2021,Outbreak of fire in quarry from causes other than spontaneous heating,0,raw/dgms/sanket0404_2024.pdf,PDF p.30 (printed 16),Table 2.6
2021,Outbreak of fire on surface from causes other than spontaneous heating,5,raw/dgms/sanket0404_2024.pdf,PDF p.30 (printed 16),Table 2.6
2021,Premature collapse of workings or failure of pillars,0,raw/dgms/sanket0404_2024.pdf,PDF p.30 (printed 16),Table 2.6
2021,Influx of noxious gases,1,raw/dgms/sanket0404_2024.pdf,PDF p.30 (printed 16),Table 2.6
2021,Breakage of winding rope,0,raw/dgms/sanket0404_2024.pdf,PDF p.30 (printed 16),Table 2.6
2021,"Breakdown of winding engine, crank shaft, bearing etc.",0,raw/dgms/sanket0404_2024.pdf,PDF p.30 (printed 16),Table 2.6
2021,Ignition or occurrence of inflammable gas,0,raw/dgms/sanket0404_2024.pdf,PDF p.30 (printed 16),Table 2.6
2021,"Breakage, fracture or failure of essential parts of machinery or apparatus whereby safety of persons was endangered",0,raw/dgms/sanket0404_2024.pdf,PDF p.30 (printed 16),Table 2.6
2021,Irruption of water,1,raw/dgms/sanket0404_2024.pdf,PDF p.30 (printed 16),Table 2.6
2021,Subsidences,0,raw/dgms/sanket0404_2024.pdf,PDF p.30 (printed 16),Table 2.6
2021,Explosives,0,raw/dgms/sanket0404_2024.pdf,PDF p.30 (printed 16),Table 2.6
2021,Others,5,raw/dgms/sanket0404_2024.pdf,PDF p.30 (printed 16),Table 2.6
2022,"Over winding of cages, skip or bucket",1,raw/dgms/sanket0404_2024.pdf,PDF p.30 (printed 16),Table 2.6
2022,Spontaneous heating of coal in underground,1,raw/dgms/sanket0404_2024.pdf,PDF p.30 (printed 16),Table 2.6
2022,Spontaneous heating of coal on surface,0,raw/dgms/sanket0404_2024.pdf,PDF p.30 (printed 16),Table 2.6
2022,Spontaneous heating of coal in opencast,0,raw/dgms/sanket0404_2024.pdf,PDF p.30 (printed 16),Table 2.6
2022,Outbreak of fire underground from spontaneous heating,0,raw/dgms/sanket0404_2024.pdf,PDF p.30 (printed 16),Table 2.6
2022,Outbreak of fire underground from causes other than spontaneous heating,0,raw/dgms/sanket0404_2024.pdf,PDF p.30 (printed 16),Table 2.6
2022,Outbreak of fire in quarry from causes other than spontaneous heating,3,raw/dgms/sanket0404_2024.pdf,PDF p.30 (printed 16),Table 2.6
2022,Outbreak of fire on surface from causes other than spontaneous heating,2,raw/dgms/sanket0404_2024.pdf,PDF p.30 (printed 16),Table 2.6
2022,Premature collapse of workings or failure of pillars,2,raw/dgms/sanket0404_2024.pdf,PDF p.30 (printed 16),Table 2.6
2022,Influx of noxious gases,1,raw/dgms/sanket0404_2024.pdf,PDF p.30 (printed 16),Table 2.6
2022,Breakage of winding rope,0,raw/dgms/sanket0404_2024.pdf,PDF p.30 (printed 16),Table 2.6
2022,"Breakdown of winding engine, crank shaft, bearing etc.",0,raw/dgms/sanket0404_2024.pdf,PDF p.30 (printed 16),Table 2.6
2022,Ignition or occurrence of inflammable gas,0,raw/dgms/sanket0404_2024.pdf,PDF p.30 (printed 16),Table 2.6
2022,"Breakage, fracture or failure of essential parts of machinery or apparatus whereby safety of persons was endangered",4,raw/dgms/sanket0404_2024.pdf,PDF p.30 (printed 16),Table 2.6
2022,Irruption of water,2,raw/dgms/sanket0404_2024.pdf,PDF p.30 (printed 16),Table 2.6
2022,Subsidences,1,raw/dgms/sanket0404_2024.pdf,PDF p.30 (printed 16),Table 2.6
2022,Explosives,2,raw/dgms/sanket0404_2024.pdf,PDF p.30 (printed 16),Table 2.6
2022,Others,14,raw/dgms/sanket0404_2024.pdf,PDF p.30 (printed 16),Table 2.6
