seed_district,seed_state,mines,relation,current_district,current_district_qid,district_2011,state_2011,censuscode_2011,point_lon,point_lat,point_method,method,evidence
Angul,Odisha,OD-ANG-18 OD-ANG-23 OD-ANG-28 OD-TLC-05,respelled,Angul,Q1772807,Anugul,Odisha,384,84.91,20.99,centroid of the 2011 polygon of Anugul,Wikidata district coordinate inside a 2011 polygon (name similarity 91),"Wikidata Q1772807 'Angul' POINT (85.06079 20.84903) (exact) lies in DataMeet 2011 'Anugul', Odisha"
Anuppur,Madhya Pradesh,MP-ANU-51,same,Anuppur,Q2299093,Anuppur,Madhya Pradesh,461,81.68,23.06,centroid of the 2011 polygon of Anuppur,"exact name in DataMeet 2011, same state","DataMeet 2011_Dist: DISTRICT='Anuppur', ST_NM='Madhya Pradesh'"
Asansol,West Bengal,WB-ASA-41 WB-ASA-45,not_a_district -> split,Paschim Bardhaman,Q29215602,Barddhaman,West Bengal,335,86.99,23.68,Wikidata coordinate of Paschim Bardhaman (Q29215602),Wikidata district coordinate inside a 2011 polygon (different name: created after 2011),"'Asansol' is not a district in DataMeet 2011 or Wikidata; its district 'Paschim Bardhaman' is from GEM Global Coal Mine Tracker Aug 2026: 6 West Bengal mines with Location = 'Asansol' (M0508, M0536, M0579, M1641, M1646, M2859); 5 of 6 give 'Prefecture, District' = 'Paschim Bardhaman' or a spelling variant. Then: Wikidata Q29215602 'Paschim Bardhaman' POINT (86.99 23.68) (exact) lies in DataMeet 2011 'Barddhaman', West Bengal"
Bardhaman,West Bengal,WB-BAR-43 WB-BAR-47,respelled,Bardhaman,Q808023,Barddhaman,West Bengal,335,87.77,23.43,centroid of the 2011 polygon of Barddhaman,Wikidata district coordinate inside a 2011 polygon (name similarity 95),"Wikidata Q808023 'Bardhaman' POINT (87.860833333 23.238333333) (exact) lies in DataMeet 2011 'Barddhaman', West Bengal"
Betul,Madhya Pradesh,MP-BET-52,same,Betul,Q1815279,Betul,Madhya Pradesh,447,77.87,21.88,centroid of the 2011 polygon of Betul,"exact name in DataMeet 2011, same state","DataMeet 2011_Dist: DISTRICT='Betul', ST_NM='Madhya Pradesh'"
Bhadradri,Telangana,TS-BHA-57 TS-BHA-61,split,Bhadradri Kothagudem,Q28169767,Khammam,Andhra Pradesh,541,80.63,17.55,Wikidata coordinate of Bhadradri Kothagudem (Q28169767),Wikidata district coordinate inside a 2011 polygon (different name: created after 2011),"Wikidata Q28169767 'Bhadradri Kothagudem' POINT (80.63 17.55) (prefix of 'Bhadradri Kothagudem') lies in DataMeet 2011 'Khammam', Andhra Pradesh"
Bilaspur,Chhattisgarh,CG-BIL-33 CG-BIL-38,same,Bilaspur,Q100157,Bilaspur,Chhattisgarh,406,81.96,22.35,centroid of the 2011 polygon of Bilaspur,"exact name in DataMeet 2011, same state","DataMeet 2011_Dist: DISTRICT='Bilaspur', ST_NM='Chhattisgarh'"
Bokaro,Jharkhand,JH-BOK-07 JH-BOK-14,same,Bokaro,Q2295925,Bokaro,Jharkhand,355,85.99,23.69,centroid of the 2011 polygon of Bokaro,"exact name in DataMeet 2011, same state","DataMeet 2011_Dist: DISTRICT='Bokaro', ST_NM='Jharkhand'"
Chandrapur,Maharashtra,MH-CHA-63 MH-CHA-67,same,Chandrapur,Q1797274,Chandrapur,Maharashtra,509,79.44,20.12,centroid of the 2011 polygon of Chandrapur,"exact name in DataMeet 2011, same state","DataMeet 2011_Dist: DISTRICT='Chandrapur', ST_NM='Maharashtra'"
Chatra,Jharkhand,JH-CHA-09 JH-CHA-16,same,Chatra,Q1979499,Chatra,Jharkhand,347,84.89,24.17,centroid of the 2011 polygon of Chatra,"exact name in DataMeet 2011, same state","DataMeet 2011_Dist: DISTRICT='Chatra', ST_NM='Jharkhand'"
Dhanbad,Jharkhand,JH-DHA-06 JH-DHA-13 JH-DHN-01,same,Dhanbad,Q2240791,Dhanbad,Jharkhand,354,86.47,23.83,centroid of the 2011 polygon of Dhanbad,"exact name in DataMeet 2011, same state","DataMeet 2011_Dist: DISTRICT='Dhanbad', ST_NM='Jharkhand'"
Dhenkanal,Odisha,OD-DHE-22 OD-DHE-27,same,Dhenkanal,Q1948389,Dhenkanal,Odisha,383,85.53,20.83,centroid of the 2011 polygon of Dhenkanal,"exact name in DataMeet 2011, same state","DataMeet 2011_Dist: DISTRICT='Dhenkanal', ST_NM='Odisha'"
Dibrugarh,Assam,AS-DIB-70,same,Dibrugarh,Q42479,Dibrugarh,Assam,310,95.06,27.37,centroid of the 2011 polygon of Dibrugarh,"exact name in DataMeet 2011, same state","DataMeet 2011_Dist: DISTRICT='Dibrugarh', ST_NM='Assam'"
Godda,Jharkhand,JH-GOD-11,same,Godda,Q638980,Godda,Jharkhand,351,87.31,24.86,centroid of the 2011 polygon of Godda,"exact name in DataMeet 2011, same state","DataMeet 2011_Dist: DISTRICT='Godda', ST_NM='Jharkhand'"
Hazaribagh,Jharkhand,JH-HAZ-12,same,Hazaribagh,Q1945416,Hazaribagh,Jharkhand,360,85.41,23.99,centroid of the 2011 polygon of Hazaribagh,"exact name in DataMeet 2011, same state","DataMeet 2011_Dist: DISTRICT='Hazaribagh', ST_NM='Jharkhand'"
Jharsuguda,Odisha,OD-JHA-19 OD-JHA-24,same,Jharsuguda,Q569181,Jharsuguda,Odisha,371,83.95,21.81,centroid of the 2011 polygon of Jharsuguda,"exact name in DataMeet 2011, same state","DataMeet 2011_Dist: DISTRICT='Jharsuguda', ST_NM='Odisha'"
Korba,Chhattisgarh,CG-KOR-29 CG-KOR-34 CG-KOR-39 CG-KRB-03,same,Korba,Q2299121,Korba,Chhattisgarh,404,82.61,22.53,centroid of the 2011 polygon of Korba,"exact name in DataMeet 2011, same state","DataMeet 2011_Dist: DISTRICT='Korba', ST_NM='Chhattisgarh'"
Koriya,Chhattisgarh,CG-KOR-32 CG-KOR-37,same,Koriya,Q2295896,Koriya,Chhattisgarh,400,82.24,23.47,centroid of the 2011 polygon of Koriya,"exact name in DataMeet 2011, same state","DataMeet 2011_Dist: DISTRICT='Koriya', ST_NM='Chhattisgarh'"
Latehar,Jharkhand,JH-LAT-10 JH-LAT-17,same,Latehar,Q2244762,Latehar,Jharkhand,359,84.44,23.72,centroid of the 2011 polygon of Latehar,"exact name in DataMeet 2011, same state","DataMeet 2011_Dist: DISTRICT='Latehar', ST_NM='Jharkhand'"
Mancherial,Telangana,TS-MAN-58 TS-MAN-62,split,Mancherial,Q28169747,Adilabad,Andhra Pradesh,532,79.45,18.87,Wikidata coordinate of Mancherial (Q28169747),Wikidata district coordinate inside a 2011 polygon (different name: created after 2011),"Wikidata Q28169747 'Mancherial' POINT (79.44721 18.87208) (exact) lies in DataMeet 2011 'Adilabad', Andhra Pradesh"
Nagpur,Maharashtra,MH-NAG-64 MH-NAG-68,same,Nagpur,Q1797367,Nagpur,Maharashtra,505,79.09,21.18,centroid of the 2011 polygon of Nagpur,"exact name in DataMeet 2011, same state","DataMeet 2011_Dist: DISTRICT='Nagpur', ST_NM='Maharashtra'"
Peddapalli,Telangana,TS-PED-59,split,Peddapalli,Q27614797,Karimnagar,Andhra Pradesh,534,79.38,18.61,Wikidata coordinate of Peddapalli (Q27614797),Wikidata district coordinate inside a 2011 polygon (different name: created after 2011),"Wikidata Q27614797 'Peddapalli' POINT (79.379430555 18.610111111) (exact) lies in DataMeet 2011 'Karimnagar', Andhra Pradesh"
Purulia,West Bengal,WB-PUR-42 WB-PUR-46,respelled,Purulia,Q307474,Puruliya,West Bengal,340,86.42,23.28,centroid of the 2011 polygon of Puruliya,Wikidata district coordinate inside a 2011 polygon (name similarity 93),"Wikidata Q307474 'Purulia' POINT (86.366666666 23.333333333) (exact) lies in DataMeet 2011 'Puruliya', West Bengal"
Raigarh,Chhattisgarh,CG-RAI-30 CG-RAI-35,same,Raigarh,Q2286310,Raigarh,Chhattisgarh,403,83.31,22.08,centroid of the 2011 polygon of Raigarh,"exact name in DataMeet 2011, same state","DataMeet 2011_Dist: DISTRICT='Raigarh', ST_NM='Chhattisgarh'"
Ramagundam,Telangana,TS-RAM-56 TS-RAM-60,not_a_district -> split,Peddapalli,Q27614797,Karimnagar,Andhra Pradesh,534,79.38,18.61,Wikidata coordinate of Peddapalli (Q27614797),Wikidata district coordinate inside a 2011 polygon (different name: created after 2011),"'Ramagundam' is not a district in DataMeet 2011 or Wikidata; its district 'Peddapalli' is from SCCL areas page (raw/company_sites/sccl/sccl_contact_page_lists_areas.html): Ramagundam-I Area, Peddapalli Dist.; Ramagundam-II Area, Peddapalli Dist.; Ramagundam-III Area, Peddapalli Dist.. Then: Wikidata Q27614797 'Peddapalli' POINT (79.379430555 18.610111111) (exact) lies in DataMeet 2011 'Karimnagar', Andhra Pradesh"
Ramgarh,Jharkhand,JH-RAM-08 JH-RAM-15,same,Ramgarh,Q2663612,Ramgarh,Jharkhand,361,85.56,23.63,centroid of the 2011 polygon of Ramgarh,"exact name in DataMeet 2011, same state","DataMeet 2011_Dist: DISTRICT='Ramgarh', ST_NM='Jharkhand'"
Raniganj,West Bengal,WB-RAN-40 WB-RAN-44 WB-RNG-04,not_a_district -> split,Paschim Bardhaman,Q29215602,Barddhaman,West Bengal,335,86.99,23.68,Wikidata coordinate of Paschim Bardhaman (Q29215602),Wikidata district coordinate inside a 2011 polygon (different name: created after 2011),"'Raniganj' is not a district in DataMeet 2011 or Wikidata; its district 'Paschim Bardhaman' is from GEM Global Coal Mine Tracker Aug 2026: 28 West Bengal mines with Coalfield = 'Raniganj' (M0508, M0531, M0536, M0550, M0579, M0628, M0634, M0641, M1641, M1643, M1650, M1652, M1724, M2652, M2657, M2668, M2719, M2753, M2754, M2764, M2766, M2816, M2851, M2859, M2889, M2902, M3880, M4459); 21 of 28 give 'Prefecture, District' = 'Paschim Bardhaman' or a spelling variant. Then: Wikidata Q29215602 'Paschim Bardhaman' POINT (86.99 23.68) (exact) lies in DataMeet 2011 'Barddhaman', West Bengal"
Sambalpur,Odisha,OD-SAM-21 OD-SAM-26,same,Sambalpur,Q1267306,Sambalpur,Odisha,372,84.28,21.45,centroid of the 2011 polygon of Sambalpur,"exact name in DataMeet 2011, same state","DataMeet 2011_Dist: DISTRICT='Sambalpur', ST_NM='Odisha'"
Shahdol,Madhya Pradesh,MP-SHA-49 MP-SHA-54,same,Shahdol,Q2085464,Shahdol,Madhya Pradesh,460,81.47,23.63,centroid of the 2011 polygon of Shahdol,"exact name in DataMeet 2011, same state","DataMeet 2011_Dist: DISTRICT='Shahdol', ST_NM='Madhya Pradesh'"
Singrauli,Madhya Pradesh,MP-SGR-02 MP-SIN-48 MP-SIN-53,same,Singrauli,Q2668638,Singrauli,Madhya Pradesh,463,82.42,24.22,centroid of the 2011 polygon of Singrauli,"exact name in DataMeet 2011, same state","DataMeet 2011_Dist: DISTRICT='Singrauli', ST_NM='Madhya Pradesh'"
Sonbhadra,Uttar Pradesh,UP-SON-72 UP-SON-73,same,Sonbhadra,Q607798,Sonbhadra,Uttar Pradesh,200,83.05,24.40,centroid of the 2011 polygon of Sonbhadra,"exact name in DataMeet 2011, same state","DataMeet 2011_Dist: DISTRICT='Sonbhadra', ST_NM='Uttar Pradesh'"
Sundargarh,Odisha,OD-SUN-20 OD-SUN-25,same,Sundargarh,Q2296047,Sundargarh,Odisha,374,84.51,22.08,centroid of the 2011 polygon of Sundargarh,"exact name in DataMeet 2011, same state","DataMeet 2011_Dist: DISTRICT='Sundargarh', ST_NM='Odisha'"
Surguja,Chhattisgarh,CG-SUR-31 CG-SUR-36,same,Surguja,Q1805075,Surguja,Chhattisgarh,401,83.22,23.36,centroid of the 2011 polygon of Surguja,"exact name in DataMeet 2011, same state","DataMeet 2011_Dist: DISTRICT='Surguja', ST_NM='Chhattisgarh'"
Tinsukia,Assam,AS-TIN-69 AS-TIN-71,same,Tinsukia,Q42756,Tinsukia,Assam,309,95.63,27.58,centroid of the 2011 polygon of Tinsukia,"exact name in DataMeet 2011, same state","DataMeet 2011_Dist: DISTRICT='Tinsukia', ST_NM='Assam'"
Udhampur,Jammu and Kashmir,JK-UDH-74,same,Udhampur,Q1947311,Udhampur,Jammu & Kashmir,19,75.33,32.89,centroid of the 2011 polygon of Udhampur,"exact name in DataMeet 2011, same state","DataMeet 2011_Dist: DISTRICT='Udhampur', ST_NM='Jammu & Kashmir'"
Umaria,Madhya Pradesh,MP-UMA-50 MP-UMA-55,same,Umaria,Q620297,Umaria,Madhya Pradesh,431,80.97,23.56,centroid of the 2011 polygon of Umaria,"exact name in DataMeet 2011, same state","DataMeet 2011_Dist: DISTRICT='Umaria', ST_NM='Madhya Pradesh'"
Wardha,Maharashtra,MH-WAR-66,same,Wardha,Q980608,Wardha,Maharashtra,504,78.59,20.80,centroid of the 2011 polygon of Wardha,"exact name in DataMeet 2011, same state","DataMeet 2011_Dist: DISTRICT='Wardha', ST_NM='Maharashtra'"
Yavatmal,Maharashtra,MH-YAV-65,same,Yavatmal,Q1804852,Yavatmal,Maharashtra,510,78.16,20.08,centroid of the 2011 polygon of Yavatmal,"exact name in DataMeet 2011, same state","DataMeet 2011_Dist: DISTRICT='Yavatmal', ST_NM='Maharashtra'"
