station_id,name,provider,owner,lat,lon,cluster,days_pm10,days_pm25,days_so2,days_no2,first_day,last_day,nearest_real_mines,nearest_real_km,nearest_seed_mines,licence,note
854,Chandrapur,CPCB,Unknown Governmental Organization,19.95,79.3,Chandrapur,0,0,0,0,,,MH-CHA-58 19.4 km; MH-YAV-18 20.3 km; MH-YAV-40 23.3 km,19.4,MH-CHA-63 23.9 km; MH-CHA-67 23.9 km; MH-YAV-65 120.0 km,not stated - OpenAQ returns licenses = null for this location (TODO-VERIFY before redistributing),no daily data in the window (OpenAQ's last reading: 2018-02-22)
5565,"MIDC Khutala, Chandrapur - MPCB",CPCB,Maharashtra Pollution Control Board,19.9775302,79.2337086,Chandrapur,86,86,87,85,2026-06-28,2026-09-24,MH-YAV-18 15.5 km; MH-YAV-40 15.9 km; MH-CHA-58 16.2 km,15.5,MH-CHA-63 26.7 km; MH-CHA-67 26.7 km; MH-YAV-65 112.7 km,not stated - OpenAQ returns licenses = null for this location (TODO-VERIFY before redistributing),
5566,"Talcher Coalfields,Talcher - OSPCB",CPCB,Odisha State Pollution Control Board,20.9360711,85.1707021,Talcher,83,84,84,84,2026-06-28,2026-09-24,OD-ANG-59 1.1 km; OD-ANG-45 2.8 km; OD-ANG-47 3.0 km,1.1,OD-ANG-18 27.7 km; OD-ANG-23 27.7 km; OD-ANG-28 27.7 km,not stated - OpenAQ returns licenses = null for this location (TODO-VERIFY before redistributing),
5602,"Asansol Court Area, Asansol - WBPCB",CPCB,West Bengal Pollution Control Board,23.685297,86.945968,Asansol,88,88,88,88,2026-06-28,2026-09-24,WB-PAS-27 12.0 km; WB-BAR-12 27.1 km; WB-RNG-04 28.3 km,12.0,WB-ASA-41 4.5 km; WB-ASA-45 4.5 km; WB-RAN-40 4.5 km,not stated - OpenAQ returns licenses = null for this location (TODO-VERIFY before redistributing),
5611,"Chandrapur, Chandrapur - MPCB",caaqm,Unknown Governmental Organization,19.645324,77.6345232,Chandrapur,0,0,0,0,,,MH-YAV-40 156.4 km; MH-YAV-18 157.4 km; MH-CHA-58 159.3 km,156.4,MH-YAV-65 73.2 km; MH-WAR-66 162.6 km; MH-CHA-63 196.0 km,not stated - OpenAQ returns licenses = null for this location (TODO-VERIFY before redistributing),nearest real mine 156 km away - coordinates or cluster match suspect; no daily data in the window (OpenAQ's last reading: 2022-10-31)
5619,"Vindhyachal STPS, Singrauli - MPPCB",CPCB,Madhya Pradesh Pollution Control Board,24.10897,82.64558,Singrauli,80,78,80,79,2026-06-28,2026-09-23,MP-SIN-25 5.5 km; MP-SGR-02 5.6 km; MP-SIN-21 6.0 km,5.5,MP-SGR-02 26.0 km; MP-SIN-48 26.0 km; MP-SIN-53 26.0 km,not stated - OpenAQ returns licenses = null for this location (TODO-VERIFY before redistributing),
3409317,"Chauhan Colony, Chandrapur - MPCB",CPCB,Maharashtra Pollution Control Board,19.9629,79.298714,Chandrapur,89,89,89,89,2026-06-28,2026-09-24,MH-CHA-58 20.1 km; MH-YAV-18 20.6 km; MH-YAV-40 22.9 km,20.1,MH-CHA-63 22.9 km; MH-CHA-67 22.9 km; MH-WAR-66 118.8 km,not stated - OpenAQ returns licenses = null for this location (TODO-VERIFY before redistributing),
3409365,"Rampur, Korba - CECB",CPCB,Chhattisgarh Environment Conservation Board,22.368195,82.746431,Korba,85,85,85,85,2026-06-29,2026-09-24,CG-KOR-31 9.1 km; CG-KRB-03 20.9 km; CG-KOR-32 21.0 km,9.1,CG-KRB-03 20.9 km; CG-KOR-29 22.8 km; CG-KOR-34 22.8 km,not stated - OpenAQ returns licenses = null for this location (TODO-VERIFY before redistributing),
3409366,"Urja Nagar, Korba - CECB",CPCB,Chhattisgarh Environment Conservation Board,22.348441,82.549611,Korba,87,87,88,88,2026-06-28,2026-09-24,CG-KOR-32 0.7 km; CG-KRB-03 1.4 km; CG-KOR-31 12.2 km,0.7,CG-KRB-03 1.4 km; CG-KOR-29 21.1 km; CG-KOR-34 21.1 km,not stated - OpenAQ returns licenses = null for this location (TODO-VERIFY before redistributing),
3409415,"Sardar Patel Nagar, Dhanbad - JSPCB",CPCB,Jharkhad State Pollution Control Board,23.80569,86.44268000000001,Dhanbad,39,65,80,86,2026-06-28,2026-09-24,JH-DHA-16 6.7 km; JH-DHA-17 6.7 km; JH-DHN-01 11.7 km,6.7,JH-DHA-06 3.9 km; JH-DHA-13 3.9 km; JH-DHN-01 3.9 km,not stated - OpenAQ returns licenses = null for this location (TODO-VERIFY before redistributing),
3409504,"Hakimapada, Angul - OSPCB",CPCB,Odisha State Pollution Control Board,20.832874,85.104082,Angul,88,88,88,88,2026-06-28,2026-09-24,OD-ANG-57 10.7 km; OD-ANG-45 13.8 km; OD-ANG-59 13.8 km,10.7,OD-ANG-18 26.7 km; OD-ANG-23 26.7 km; OD-ANG-28 26.7 km,not stated - OpenAQ returns licenses = null for this location (TODO-VERIFY before redistributing),
3409521,"Evelyn Lodge, Asansol - WBPCB",CPCB,West Bengal Pollution Control Board,23.697936,86.944395,Asansol,89,89,89,89,2026-06-28,2026-09-24,WB-PAS-27 10.6 km; WB-BAR-12 27.5 km; WB-RNG-04 28.5 km,10.6,WB-ASA-41 5.1 km; WB-ASA-45 5.1 km; WB-RAN-40 5.1 km,not stated - OpenAQ returns licenses = null for this location (TODO-VERIFY before redistributing),
3409522,"Mahabir Colliery, Asansol - WBPCB",CPCB,West Bengal Pollution Control Board,23.618183,87.105718,Asansol,89,89,89,89,2026-06-28,2026-09-24,WB-BAR-12 11.1 km; WB-RNG-04 14.3 km; WB-BAR-49 17.9 km,11.1,WB-ASA-41 13.6 km; WB-ASA-45 13.6 km; WB-RAN-40 13.6 km,not stated - OpenAQ returns licenses = null for this location (TODO-VERIFY before redistributing),
3409525,"Trivenidevi Bhalotia College, Asansol - WBPCB",CPCB,West Bengal Pollution Control Board,23.616515,87.119133,Asansol,88,88,88,88,2026-06-28,2026-09-24,WB-BAR-12 9.9 km; WB-RNG-04 13.3 km; WB-BAR-49 16.6 km,9.9,WB-ASA-41 14.9 km; WB-ASA-45 14.9 km; WB-RAN-40 14.9 km,not stated - OpenAQ returns licenses = null for this location (TODO-VERIFY before redistributing),
