instrument,short_name,year,type,status,effective_date,status_source,evidence_quote,source_file,source_page,notes
"Occupational Safety, Health and Working Conditions Code, 2020",OSH Code 2020,2020,code,in_force,2025-11-21,"S.O. 5321(E), 21.11.2025 (all provisions)","the Central Government hereby appoints the 21st day of November, 2025 as the date on which the provisions of the said Code, shall come into force",raw/legal/notifications/267884.pdf,1,
"Industrial Relations Code, 2020",IR Code 2020,2020,code,in_force,2025-11-21,"S.O. 5320(E), 21.11.2025 (all provisions)","S.O. 5320(E).-In exercise of the powers conferred by sub-section (3) of section 1 of the Industrial Relations Code, 2020",raw/legal/notifications/267883.pdf,2,
"Code on Social Security, 2020",SS Code 2020,2020,code,in_force,2025-11-21,"S.O. 5319(E), 21.11.2025, as corrected by S.O. 5936(E), 19.12.2025; some provisions commenced earlier under S.O. 2060(E), 03.05.2023 (not downloaded)","S.O. 5319(E).-In exercise of the powers conferred by sub-section (3) of section 1 of the Code on Social Security, 2020 | sub-section (1) of section 164 except the provisions of the Code specified at serial number (vi) of S.O.2060(E), dated the 3rd May, 2023",raw/legal/notifications/267882.pdf; raw/legal/notifications/639a9f531898f5a767b1e45e762c2d87.pdf,2; 2,Commenced provision by provision; see the notification's schedule.
"Code on Wages, 2019",Wages Code 2019,2019,code,in_force,2025-11-21,"S.O. 5322(E), 21.11.2025 (listed provisions)","S.O. 5322(E).-In exercise of the powers conferred by sub-section (3) of section 1 of the Code on Wages, 2019",raw/legal/notifications/267885.pdf,2,A few sub-provisions are left out of the schedule. The Code's own text was not located (S10).
"Mines Act, 1952",Mines Act 1952,1952,act,repealed,2025-11-21,OSH Code 2020 s.143(1)(c),"(c) The Mines Act, 1952;",raw/legal/codes/36fcfa5d8e6b9145e282bf7b950d6c47.pdf,76,Rules and regulations made under it survive only as saved by s.143(3).
"Contract Labour (Regulation and Abolition) Act, 1970",CLRA 1970,1970,act,repealed,2025-11-21,OSH Code 2020 s.143(1)(h),"(h) The Contract Labour (Regulation and Abolition) Act, 1970;",raw/legal/codes/36fcfa5d8e6b9145e282bf7b950d6c47.pdf,76,
"Occupational Safety, Health and Working Conditions (Central) Rules, 2026",OSH (Central) Rules 2026,2026,rules,in_force,2026-05-08,"G.S.R. 345(E), 08.05.2026; rule 1(3): in force on publication","New Delhi, the 8th May, 2026 G.S.R. 345(E) | (3) They shall come into force on the date of their publication in the Official Gazette.",raw/legal/rules/CentralRule_12052026.pdf; raw/legal/rules/CentralRule_12052026.pdf,139; 140,
"Mines Rules, 1955",Mines Rules 1955,1955,rules,superseded,2026-05-08,"G.S.R. 345(E), 08.05.2026, supersession list item 3","3. Mines Rules, 1955; 4. Mines Rescue Rules, 1985; 5. Mines Vocational Training Rules, 1966;",raw/legal/rules/CentralRule_12052026.pdf,139,
"Mines Vocational Training Rules, 1966",MVT Rules 1966,1966,rules,superseded,2026-05-08,"G.S.R. 345(E), 08.05.2026, supersession list item 5","3. Mines Rules, 1955; 4. Mines Rescue Rules, 1985; 5. Mines Vocational Training Rules, 1966;",raw/legal/rules/CentralRule_12052026.pdf,139,
"Contract Labour (Regulation and Abolition) Central Rules, 1971",CLRA Central Rules 1971,1971,rules,superseded,2026-05-08,"G.S.R. 345(E), 08.05.2026, supersession list item 8","8. Contract Labour (Regulation and Abolition) Central Rules, 1971;",raw/legal/rules/CentralRule_12052026.pdf,139,
"Coal Mines Regulations, 2017",CMR 2017,2017,regulations,saved,2017-11-27,"G.S.R. 1449(E), 27.11.2017; saved by OSH Code 2020 s.143(3)","New Delhi, the 27th November, 2017. G.S.R. 1449(E) | shall remain in force to the extent they are not contrary to the provisions of this Code till they are repealed by the Central Government",raw/legal/repealed_or_saved/Coal_Mines_Regulation_2017_Noti.pdf; raw/legal/codes/36fcfa5d8e6b9145e282bf7b950d6c47.pdf,160; 77,"Made under the repealed Mines Act; in force to the extent not contrary to the OSH Code, until repealed."
"Occupational Safety, Health and Working Conditions (Coal Mines) Regulations, 2026 - draft",CMR 2026 (draft),2026,regulations,draft,,"Draft G.S.R. 67(E), 28.01.2026 (DGMS copy dated 31.01.2026); no final notification found","New Delhi, the 28th January, 2026 G.S.R. 67(E)",raw/legal/drafts/CMR_GN_31012026.pdf,142,Not in force. Do not cite as law.
"Coal Mines Provident Fund and Miscellaneous Provisions Act, 1948",CMPF Act 1948,1948,act,in_force,,Not in the SS Code 2020 s.164(1) repeal list (quoted: the list's item 3 is the EPF Act),"3. The Employees' Provident Funds and Miscellaneous Provisions Act, 1952;",raw/legal/codes/b0620548445580767b5c0d18c95c26f7.pdf,98,Absence of repeal; the Act's own text is not downloaded.
"Employees' Provident Funds and Miscellaneous Provisions Act, 1952",EPF Act 1952,1952,act,TODO-VERIFY,,SS Code s.164(1) item 3; S.O. 5319(E) as corrected by S.O. 5936(E) commences s.164(1) except what S.O. 2060(E) serial (vi) specifies - S.O. 2060(E) not downloaded (manual step 6),"3. The Employees' Provident Funds and Miscellaneous Provisions Act, 1952; | sub-section (1) of section 164 except the provisions of the Code specified at serial number (vi) of S.O.2060(E), dated the 3rd May, 2023",raw/legal/codes/b0620548445580767b5c0d18c95c26f7.pdf; raw/legal/notifications/639a9f531898f5a767b1e45e762c2d87.pdf,98; 2,Neither repealed nor in force can be stated until S.O. 2060(E) serial (vi) is read.
"Water (Prevention and Control of Pollution) Act, 1974",Water Act 1974,1974,act,in_force,,Not repealed by the labour codes; text in CPCB Pollution Control Law Series (2021),"THE WATER (PREVENTION AND CONTROL OF POLLUTION) ACT, 1974",raw/legal/environment/7thEditionPollutionControlLawSeries2021.pdf,18,"The 2021 compilation predates later amendments, which are not reflected."
"Air (Prevention and Control of Pollution) Act, 1981",Air Act 1981,1981,act,in_force,,Not repealed by the labour codes; text in CPCB Pollution Control Law Series (2021),"THE AIR (PREVENTION AND CONTROL OF POLLUTION) ACT, 1981",raw/legal/environment/7thEditionPollutionControlLawSeries2021.pdf,124,"The 2021 compilation predates later amendments, which are not reflected."
"Environment (Protection) Act, 1986",EP Act 1986,1986,act,in_force,,Not repealed by the labour codes; text in CPCB Pollution Control Law Series (2021),"THE ENVIRONMENT (PROTECTION) ACT, 1986",raw/legal/environment/7thEditionPollutionControlLawSeries2021.pdf,200,"The 2021 compilation predates later amendments, which are not reflected."
