id,code,name,company_id,area_id,area_method,state,district,district_basis,district_method,region,coalfield,lat,lon,location_quality,gem_id,gem_owner,type,coal_type,capacity_mtpa,production_mtpa,production_year,workforce,workforce_accuracy,status,head_email,demo_named,demo_score,demo_risk_level,seed_violations,score_note,selection,replaces_code
1,JH-DHN-01,Moonidih Coal Mine,BCCL,,no BCCL area name in the mine's name or with a published district of Dhanbad,Jharkhand,Dhanbad,current,"GEM district 'Dhanbad', consistent with the GEM point",East,Jharia,23.740882,86.352473,exact_gem,M2881,Bharat Coking Coal Ltd [100.0%],underground,Bituminous,3,0.49,2024,909,Estimate,operating,head.jh-dhn-01@coalmine.in,true,100.0,LOW,0,demo value carried from seed slot JH-DHN-01; not an assessment of the real mine,demo slot JH-DHN-01: best-ranked BCCL mine in the Jharia coalfield and the seed district (Dhanbad),JH-DHN-01
2,MP-SGR-02,Jayant Coal Mine,NCL,,no NCL area name in the mine's name or with a published district of Singrauli,Madhya Pradesh,Singrauli,current,"GEM district 'Singrauli', consistent with the GEM point",Central,Singrauli,24.158300,82.654600,exact_gem,M0542,Northern Coalfields Ltd [100.0%],opencast,Subbituminous,30,30,2025,2336,Estimate,operating,head.mp-sgr-02@coalmine.in,true,80.0,LOW,4,demo value carried from seed slot MP-SGR-02; not an assessment of the real mine,demo slot MP-SGR-02: best-ranked NCL mine in the Singrauli coalfield and the seed district (Singrauli),MP-SGR-02
3,CG-KRB-03,Gevra Coal Mine,SECL,,no SECL area name in the mine's name or with a published district of Korba,Chhattisgarh,Korba,current,"GEM district 'Korba', consistent with the GEM point",Central,Korba,22.336312,82.545748,exact_gem,M0527,South Eastern Coalfields Ltd [100.0%],opencast,Subbituminous,70,55.8,2025,4501,Estimate,operating,head.cg-krb-03@coalmine.in,true,70.0,MEDIUM,6,demo value carried from seed slot CG-KRB-03; not an assessment of the real mine,demo slot CG-KRB-03: already matched to CG-KRB-03 in reference/mines.csv,CG-KRB-03
4,WB-RNG-04,Sonepur Bazari Coal Mine,ECL,,no ECL area name in the mine's name or with a published district of Paschim Bardhaman,West Bengal,Paschim Bardhaman,current,"GEM district 'Paschim Bardhaman', consistent with the GEM point",East,Raniganj,23.688231,87.223763,exact_gem,M0634,Eastern Coalfields Ltd [100.0%],opencast,Lignite,14,12.48,2025,1497,Exact,operating,head.wb-rng-04@coalmine.in,true,60.0,MEDIUM,8,demo value carried from seed slot WB-RNG-04; not an assessment of the real mine,demo slot WB-RNG-04: best-ranked ECL mine in the Raniganj coalfield and the seed district (Paschim Bardhaman),WB-RNG-04
5,OD-TLC-05,Bhubaneswari Coal Mine,MCL,,no MCL area name in the mine's name or with a published district of Angul,Odisha,Angul,current,"GEM district 'Angul', consistent with the GEM point",East,Talcher,20.961693,85.160099,exact_gem,M0486,Mahanadi Coalfields Ltd [100.0%],opencast,Lignite,30,26.48,2025,1007,Exact,operating,head.od-tlc-05@coalmine.in,true,45.0,HIGH,11,demo value carried from seed slot OD-TLC-05; not an assessment of the real mine,demo slot OD-TLC-05: best-ranked MCL mine in the Talcher coalfield and the seed district (Angul),OD-TLC-05
6,JH-RAM-06,Bhurkunda Coal Mine,CCL,,no CCL area name in the mine's name or with a published district of Ramgarh,Jharkhand,Ramgarh,current,"GEM district 'Ramgarh', consistent with the GEM point",East,South Karanpura,23.657086,85.365226,exact_gem,M1664,Central Coalfields Ltd [100.0%],mixed,Subbituminous,1.75,0.14,2024,1092,Exact,operating,head.jh-ram-06@coalmine.in,false,95.0,LOW,1,demo value carried from seed slot JH-DHA-06; not an assessment of the real mine,"CCL: underground seat (8 seats; ranked by location accuracy, then capacity)",JH-DHA-06
7,OD-SUN-07,Kulda Coal Mine,MCL,,no MCL area name in the mine's name or with a published district of Sundargarh,Odisha,Sundargarh,current,"GEM district 'Sundergarh', consistent with the GEM point",East,Ib Valley,22.033526,83.734846,exact_gem,M0563,Mahanadi Coalfields Ltd [100.0%],opencast,Lignite,16.8,14.78,2025,816,Exact,operating,head.od-sun-07@coalmine.in,false,95.0,LOW,1,demo value carried from seed slot JH-BOK-07; not an assessment of the real mine,"MCL: surface seat (18 seats; ranked by location accuracy, then capacity)",JH-BOK-07
8,WB-BAR-08,Jhanjra Coal Mine,ECL,,"no area name in the mine's name, and its district is a 2011 district split since",West Bengal,Barddhaman,2011,"2011 district containing the GEM point (Barddhaman); Wikidata districts inside it: Paschim Bardhaman, Purba Bardhaman - so the current district is not determined",East,Paschim Bardhaman,23.665321,87.313146,exact_gem,M0543,Eastern Coalfields Ltd [100.0%],underground,Subbituminous,5,1.81,2024,1184,Estimate,operating,head.wb-bar-08@coalmine.in,false,70.0,MEDIUM,6,demo value carried from seed slot JH-RAM-08; not an assessment of the real mine,"ECL: underground seat (5 seats; ranked by location accuracy, then capacity)",JH-RAM-08
9,JH-CHA-09,Amrapali Coal Mine,CCL,,no CCL area name in the mine's name or with a published district of Chatra,Jharkhand,Chatra,current,"GEM district 'Chatra', consistent with the GEM point",East,North Karanpura,23.889479,85.001710,exact_gem,M0475,Central Coalfields Ltd [100.0%],opencast,Lignite,24.19,16.46,2025,1662,Estimate,operating,head.jh-cha-09@coalmine.in,false,100.0,LOW,0,demo value carried from seed slot JH-CHA-09; not an assessment of the real mine,"CCL: surface seat (8 seats; ranked by location accuracy, then capacity)",JH-CHA-09
10,OD-ANG-10,Hingula-II Coal Mine,MCL,MCL-HINGULA,name: the mine's name contains the area name 'Hingula Area'; the area page names no district,Odisha,Angul,current,"GEM district 'Angul', consistent with the GEM point",East,Talcher,20.966051,85.016370,exact_gem,M0533,Mahanadi Coalfields Ltd [100.0%],opencast,Lignite,15,13.06,2024,1654,Estimate,operating,head.od-ang-10@coalmine.in,false,15.0,HIGH,17,demo value carried from seed slot JH-LAT-10; not an assessment of the real mine,"MCL: surface seat (18 seats; ranked by location accuracy, then capacity)",JH-LAT-10
11,JH-CHA-11,Magadh Coal Mine,CCL,,no CCL area name in the mine's name or with a published district of Chatra,Jharkhand,Chatra,current,"GEM district 'Chatra', consistent with the GEM point",East,North Karanpura,23.889479,85.001710,exact_gem,M0569,Central Coalfields Ltd [100.0%],opencast,Lignite,20,20,2025,1861,Estimate,operating,head.jh-cha-11@coalmine.in,false,100.0,LOW,0,demo value carried from seed slot JH-GOD-11; not an assessment of the real mine,"CCL: surface seat (8 seats; ranked by location accuracy, then capacity)",JH-GOD-11
12,WB-BAR-12,Siduli Coal Mine,ECL,,"no area name in the mine's name, and its district is a 2011 district split since",West Bengal,Barddhaman,2011,"2011 district containing the GEM point (Barddhaman); Wikidata districts inside it: Paschim Bardhaman, Purba Bardhaman - so the current district is not determined",East,,23.649929,87.209100,exact_gem,M2701,Eastern Coalfields Ltd [100.0%],mixed,Subbituminous,2.32,0.05,2024,528,Estimate,operating,head.wb-bar-12@coalmine.in,false,20.0,HIGH,16,demo value carried from seed slot JH-HAZ-12; not an assessment of the real mine,"ECL: underground seat (5 seats; ranked by location accuracy, then capacity)",JH-HAZ-12
13,OD-JHA-13,Samleswari Coal Mine,MCL,,no MCL area name in the mine's name or with a published district of Jharsuguda,Odisha,Jharsuguda,current,"2011 district containing the GEM point (Jharsuguda), no later district inside it; GEM names 'Sundergarh', a district adjacent to the one containing the point (often the district it was carved from)",East,Ib Valley,21.805789,83.903847,exact_gem,M0626,Mahanadi Coalfields Ltd [100.0%],opencast,Lignite,15,8.06,2024,1425,Estimate,operating,head.od-jha-13@coalmine.in,false,95.0,LOW,1,demo value carried from seed slot JH-DHA-13; not an assessment of the real mine,"MCL: surface seat (18 seats; ranked by location accuracy, then capacity)",JH-DHA-13
14,TS-MAN-14,KK 5 Inc Coal Mine,SCCL,SCCL-SRIRAMPUR,district: the only SCCL area whose published district is Mancherial,Telangana,Mancherial,current,"GEM district 'Mancherial', consistent with the GEM point",South,,18.827800,79.483300,exact_gem,M2743,The Singareni Collieries Co Ltd [100.0%],underground,Subbituminous,1.75,1.27,2024,378,Estimate,operating,head.ts-man-14@coalmine.in,false,95.0,LOW,1,demo value carried from seed slot JH-BOK-14; not an assessment of the real mine,"SCCL: underground seat (6 seats; ranked by location accuracy, then capacity)",JH-BOK-14
15,CG-KOR-15,Chirimiri Coal Mine,SECL,,"no area name in the mine's name, and its district is a 2011 district split since",Chhattisgarh,Koriya,2011,2011 district containing the GEM point (Koriya); Wikidata districts inside it: Manendragarh-Chirmiri-Bharatpur - so the current district is not determined; GEM's district text 'Korea' is not a district of Chhattisgarh in the district lists,Central,Chirimiri,23.183958,82.336684,exact_gem,M0494,South Eastern Coalfields Ltd [100.0%],mixed,Subbituminous,1.65,1.58,2024,512,Estimate,operating,head.cg-kor-15@coalmine.in,false,75.0,MEDIUM,5,demo value carried from seed slot JH-RAM-15; not an assessment of the real mine,"SECL: underground seat (17 seats; ranked by location accuracy, then capacity)",JH-RAM-15
16,JH-DHA-16,Gondudih Khas Kusunda Coal Mine,BCCL,BCCL-KUSUNDA,name: the mine's name contains the area name 'Kusunda Area'; the area page names no district,Jharkhand,Dhanbad,current,"GEM district 'Dhanbad', consistent with the GEM point",East,Jharia,23.804000,86.377300,exact_gem,M2807,Bharat Coking Coal Ltd [100.0%],opencast,Bituminous,2.6,1.11,2024,348,Estimate,operating,head.jh-dha-16@coalmine.in,false,95.0,LOW,1,demo value carried from seed slot JH-CHA-16; not an assessment of the real mine,"BCCL: surface seat (3 seats; ranked by location accuracy, then capacity)",JH-CHA-16
17,JH-DHA-17,Rajapur-South Jharia Coal Mine,BCCL,,no BCCL area name in the mine's name or with a published district of Dhanbad,Jharkhand,Dhanbad,current,"GEM district 'Dhanbad', consistent with the GEM point",East,Jharia,23.748796,86.421392,exact_gem,M2513,Bharat Coking Coal Ltd [100.0%],opencast,Bituminous,2.56,2.158,2024,549,Estimate,operating,head.jh-dha-17@coalmine.in,false,60.0,MEDIUM,8,demo value carried from seed slot JH-LAT-17; not an assessment of the real mine,"BCCL: surface seat (3 seats; ranked by location accuracy, then capacity)",JH-LAT-17
18,MH-YAV-18,Mungoli Nirguda Coal Mine,WCL,,no WCL area name in the mine's name or with a published district of Yavatmal,Maharashtra,Yavatmal,current,"GEM district 'Yavatmal', consistent with the GEM point",West,Wardha Valley,19.894046,79.115559,exact_gem,M0581,Western Coalfields Ltd [100.0%],opencast,Lignite,5.25,5.25,2024,839,Exact,operating,head.mh-yav-18@coalmine.in,false,100.0,LOW,0,demo value carried from seed slot OD-ANG-18; not an assessment of the real mine,"WCL: surface seat (6 seats; ranked by location accuracy, then capacity)",OD-ANG-18
19,OD-ANG-19,Lingaraj Coal Mine,MCL,MCL-LINGARAJ,name: the mine's name contains the area name 'Lingaraj Area'; the area page names no district,Odisha,Angul,current,"GEM district 'Angul', consistent with the GEM point",East,Talcher,20.960432,85.200747,exact_gem,M0567,Mahanadi Coalfields Ltd [100.0%],opencast,Lignite,20,19.07,2025,1793,Exact,operating,head.od-ang-19@coalmine.in,false,95.0,LOW,1,demo value carried from seed slot OD-JHA-19; not an assessment of the real mine,"MCL: surface seat (18 seats; ranked by location accuracy, then capacity)",OD-JHA-19
20,CG-SUR-20,Bhatgaon Coal Mine,SECL,,"no area name in the mine's name, and its district is a 2011 district split since",Chhattisgarh,Surguja,2011,"GEM district 'Surguja' is the 2011 district Surguja; Wikidata districts inside it: Balrampur–Ramanujganj, Sakti, Sarangarh-Bilaigarh, Surajpur - so the current district is not determined",Central,Bisrampur,23.370630,82.992230,exact_gem,M1663,South Eastern Coalfields Ltd [100.0%],mixed,Subbituminous,1.5,0.19,2024,550,Estimate,operating,head.cg-sur-20@coalmine.in,false,75.0,MEDIUM,5,demo value carried from seed slot OD-SUN-20; not an assessment of the real mine,"SECL: underground seat (17 seats; ranked by location accuracy, then capacity)",OD-SUN-20
21,MP-SIN-21,Amlohri Coal Mine,NCL,,no NCL area name in the mine's name or with a published district of Singrauli,Madhya Pradesh,Singrauli,current,"2011 district containing the GEM point (Singrauli), no later district inside it; GEM names 'Sidhi', a district adjacent to the one containing the point (often the district it was carved from)",Central,Singrauli,24.134000,82.593000,exact_gem,M0474,Northern Coalfields Ltd [100.0%],opencast,Subbituminous,16.18,15,2025,1442,Estimate,operating,head.mp-sin-21@coalmine.in,false,95.0,LOW,1,demo value carried from seed slot OD-SAM-21; not an assessment of the real mine,"NCL: surface seat (9 seats; ranked by location accuracy, then capacity)",OD-SAM-21
22,OD-JHA-22,Hirakhand Bundia Incline Mine,MCL,,no MCL area name in the mine's name or with a published district of Jharsuguda,Odisha,Jharsuguda,current,"GEM district 'Jharsuguda', consistent with the GEM point",East,,21.781900,83.915100,exact_gem,M2854,Mahanadi Coalfields Ltd [100.0%],underground,Subbituminous,0.9,0.201,2024,683,Estimate,operating,head.od-jha-22@coalmine.in,false,100.0,LOW,0,demo value carried from seed slot OD-DHE-22; not an assessment of the real mine,"MCL: underground seat (18 seats; ranked by location accuracy, then capacity)",OD-DHE-22
23,OD-SAM-23,Talabira II & III Coal Mines,NLC,,no NLC area name in the mine's name or with a published district of Sambalpur,Odisha,Sambalpur,current,"2011 district containing the GEM point (Sambalpur), no later district inside it; GEM names 'Sundergarh', a district adjacent to the one containing the point (often the district it was carved from)",East,,21.734804,83.989432,exact_gem,M1745,NLC India Ltd [100.0%],opencast,Subbituminous,20,17.2,2024,1988,Estimate,operating,head.od-sam-23@coalmine.in,false,100.0,LOW,0,demo value carried from seed slot OD-ANG-23; not an assessment of the real mine,"NLC: surface seat (1 seats; ranked by location accuracy, then capacity)",OD-ANG-23
24,MH-NAG-24,Dinesh (Makardhokra-III) Coal Mine,WCL,,2 WCL areas in Nagpur: WCL-NAGPUR WCL-UMRER,Maharashtra,Nagpur,current,"2011 district containing the GEM point (Nagpur), no later district inside it",West,Nagpur,20.876400,79.223500,exact_gem,M0571,Western Coalfields Ltd [100.0%],opencast,Subbituminous,4.5,4.48,2024,642,Estimate,operating,head.mh-nag-24@coalmine.in,false,95.0,LOW,1,demo value carried from seed slot OD-JHA-24; not an assessment of the real mine,"WCL: surface seat (6 seats; ranked by location accuracy, then capacity)",OD-JHA-24
25,MP-SIN-25,Nigahi Coal Mine,NCL,,no NCL area name in the mine's name or with a published district of Singrauli,Madhya Pradesh,Singrauli,current,"GEM district 'Singrauli', consistent with the GEM point",Central,Singrauli,24.135000,82.599444,exact_gem,M0591,Northern Coalfields Ltd [100.0%],opencast,Subbituminous,15,21.56,2024,2238,Exact,operating,head.mp-sin-25@coalmine.in,false,70.0,MEDIUM,6,demo value carried from seed slot OD-SUN-25; not an assessment of the real mine,"NCL: surface seat (9 seats; ranked by location accuracy, then capacity)",OD-SUN-25
26,JH-CHA-26,Ashoka Coal Mine,CCL,,no CCL area name in the mine's name or with a published district of Chatra,Jharkhand,Chatra,current,"GEM district 'Chatra', consistent with the GEM point",East,Piparwar,23.724268,85.037525,exact_gem,M0477,Central Coalfields Ltd [100.0%],opencast,Subbituminous,10,9.85,2024,941,Estimate,operating,head.jh-cha-26@coalmine.in,false,95.0,LOW,1,demo value carried from seed slot OD-SAM-26; not an assessment of the real mine,"CCL: surface seat (8 seats; ranked by location accuracy, then capacity)",OD-SAM-26
27,WB-PAS-27,Dabor Coal Mine,ECL,,no ECL area name in the mine's name or with a published district of Paschim Bardhaman,West Bengal,Paschim Bardhaman,current,"GEM district 'Paschim Bardhaman', consistent with the GEM point",East,Raniganj,23.789723,86.915206,exact_gem,M0508,Eastern Coalfields Ltd [100.0%],mixed,Subbituminous,2.3,0.16,2024,542,Estimate,operating,head.wb-pas-27@coalmine.in,false,95.0,LOW,1,demo value carried from seed slot OD-DHE-27; not an assessment of the real mine,"ECL: underground seat (5 seats; ranked by location accuracy, then capacity)",OD-DHE-27
28,CG-KOR-28,Katkona Coal Mine,SECL,,"no area name in the mine's name, and its district is a 2011 district split since",Chhattisgarh,Koriya,2011,2011 district containing the GEM point (Koriya); Wikidata districts inside it: Manendragarh-Chirmiri-Bharatpur - so the current district is not determined; GEM's district text 'Korea' is not a district of Chhattisgarh in the district lists,Central,Jhilimili,23.359829,82.680745,exact_gem,M1701,South Eastern Coalfields Ltd [100.0%],underground,Subbituminous,1.4,0.22,2024,751,Estimate,operating,head.cg-kor-28@coalmine.in,false,75.0,MEDIUM,5,demo value carried from seed slot OD-ANG-28; not an assessment of the real mine,"SECL: underground seat (17 seats; ranked by location accuracy, then capacity)",OD-ANG-28
29,TS-KAR-29,Ravindrakhani-NT Coal Mine,SCCL,,"no area name in the mine's name, and its district is a 2011 district split since",Telangana,Karimnagar,2011,"2011 district containing the GEM point (Karimnagar); Wikidata districts inside it: Jagtial, Peddapalli, Rajanna Sircilla - so the current district is not determined; GEM names 'Mancherial', a district adjacent to the one containing the point (often the district it was carved from)",South,Godavari,18.841111,79.216667,exact_gem,M1729,The Singareni Collieries Co Ltd [100.0%],underground,Subbituminous,0.9,0.16,2024,415,Estimate,operating,head.ts-kar-29@coalmine.in,false,100.0,LOW,0,demo value carried from seed slot CG-KOR-29; not an assessment of the real mine,"SCCL: underground seat (6 seats; ranked by location accuracy, then capacity)",CG-KOR-29
30,CG-SUR-30,Balrampur Coal Mine,SECL,,no SECL area name in the mine's name or with a published district of Surajpur,Chhattisgarh,Surajpur,current,"GEM district 'Surajpur', consistent with the GEM point",Central,Bisrampur,23.229703,83.010222,exact_gem,M1648,South Eastern Coalfields Ltd [100.0%],underground,Subbituminous,0.6,0.12,2024,691,Estimate,operating,head.cg-sur-30@coalmine.in,false,45.0,HIGH,11,demo value carried from seed slot CG-RAI-30; not an assessment of the real mine,"SECL: underground seat (17 seats; ranked by location accuracy, then capacity)",CG-RAI-30
31,CG-KOR-31,Kusmunda Coal Mine,SECL,,no SECL area name in the mine's name or with a published district of Korba,Chhattisgarh,Korba,current,"GEM district 'Korba', consistent with the GEM point",Central,Korba,22.332635,82.666666,exact_gem,M0564,South Eastern Coalfields Ltd [100.0%],opencast,Lignite,75,50.125,2024,2017,Exact,operating,head.cg-kor-31@coalmine.in,false,95.0,LOW,1,demo value carried from seed slot CG-SUR-31; not an assessment of the real mine,"SECL: surface seat (17 seats; ranked by location accuracy, then capacity)",CG-SUR-31
32,CG-KOR-32,Dipka Coal Mine,SECL,,no SECL area name in the mine's name or with a published district of Korba,Chhattisgarh,Korba,current,"GEM district 'Korba', consistent with the GEM point",Central,Korba,22.345077,82.544192,exact_gem,M0513,South Eastern Coalfields Ltd [100.0%],opencast,Lignite,35,33.44,2024,2725,Exact,operating,head.cg-kor-32@coalmine.in,false,70.0,MEDIUM,6,demo value carried from seed slot CG-KOR-32; not an assessment of the real mine,"SECL: surface seat (17 seats; ranked by location accuracy, then capacity)",CG-KOR-32
33,JH-BOK-33,AKK Coal Mine,CCL,,no CCL area name in the mine's name or with a published district of Bokaro,Jharkhand,Bokaro,current,"2011 district containing the GEM point (Bokaro), no later district inside it",East,Bokaro,23.790500,85.919800,exact_gem,M0466,Central Coalfields Ltd [100.0%],opencast,Subbituminous,7,5.11,2025,744,Estimate,operating,head.jh-bok-33@coalmine.in,false,75.0,MEDIUM,5,demo value carried from seed slot CG-BIL-33; not an assessment of the real mine,"CCL: surface seat (8 seats; ranked by location accuracy, then capacity)",CG-BIL-33
34,JH-GIR-34,Konar Coal Mine,CCL,,no CCL area name in the mine's name or with a published district of Giridih,Jharkhand,Giridih,current,"2011 district containing the GEM point (Giridih), no later district inside it; GEM names 'Bokaro', a district adjacent to the one containing the point (often the district it was carved from)",East,East Bokaro,24.155314,86.303182,exact_gem,M0560,Central Coalfields Ltd [100.0%],opencast,Bituminous,5,5.35,2023,972,Estimate,operating,head.jh-gir-34@coalmine.in,false,100.0,LOW,0,demo value carried from seed slot CG-KOR-34; not an assessment of the real mine,"CCL: surface seat (8 seats; ranked by location accuracy, then capacity)",CG-KOR-34
35,JH-HAZ-35,North Urimari Birsa Coal Mine,CCL,,no CCL area name in the mine's name or with a published district of Hazaribagh,Jharkhand,Hazaribagh,current,"2011 district containing the GEM point (Hazaribagh), no later district inside it; GEM names 'Ramgarh', a district adjacent to the one containing the point (often the district it was carved from)",East,Hazaribagh,23.701948,85.293923,exact_gem,M0595,Central Coalfields Ltd [100.0%],opencast,Subbituminous,4.5,4.49,2024,672,Estimate,operating,head.jh-haz-35@coalmine.in,false,95.0,LOW,1,demo value carried from seed slot CG-RAI-35; not an assessment of the real mine,"CCL: surface seat (8 seats; ranked by location accuracy, then capacity)",CG-RAI-35
36,CG-RAI-36,Chhal Coal Mine,SECL,,no SECL area name in the mine's name or with a published district of Raigarh,Chhattisgarh,Raigarh,current,"GEM district 'Raigarh', consistent with the GEM point",Central,Mand-Raigarh,22.100202,83.110483,exact_gem,M0493,South Eastern Coalfields Ltd [100.0%],opencast,Subbituminous,7,6,2025,1576,Estimate,operating,head.cg-rai-36@coalmine.in,false,60.0,MEDIUM,8,demo value carried from seed slot CG-SUR-36; not an assessment of the real mine,"SECL: surface seat (17 seats; ranked by location accuracy, then capacity)",CG-SUR-36
37,CG-KOR-37,Churcha RO Coal Mine,SECL,,"no area name in the mine's name, and its district is a 2011 district split since",Chhattisgarh,Koriya,2011,2011 district containing the GEM point (Koriya); Wikidata districts inside it: Manendragarh-Chirmiri-Bharatpur - so the current district is not determined; GEM's district text 'Korea' is not a district of Chhattisgarh in the district lists,Central,Chirimiri,23.335952,82.519611,exact_gem,M1672,South Eastern Coalfields Ltd [100.0%],underground,Subbituminous,2.1,1.9,2024,1156,Estimate,operating,head.cg-kor-37@coalmine.in,false,100.0,LOW,0,demo value carried from seed slot CG-KOR-37; not an assessment of the real mine,"SECL: underground seat (17 seats; ranked by location accuracy, then capacity)",CG-KOR-37
38,CG-RAI-38,Baroud Coal Mine,SECL,,no SECL area name in the mine's name or with a published district of Raigarh,Chhattisgarh,Raigarh,current,"GEM district 'Raigarh', consistent with the GEM point",Central,Mand-Raigarh,22.268463,83.345538,exact_gem,M0479,South Eastern Coalfields Ltd [100.0%],opencast,Subbituminous,4.9,4.19,2024,561,Estimate,operating,head.cg-rai-38@coalmine.in,false,100.0,LOW,0,demo value carried from seed slot CG-BIL-38; not an assessment of the real mine,"SECL: surface seat (17 seats; ranked by location accuracy, then capacity)",CG-BIL-38
39,OD-ANG-39,Gopalji Kaniha Coal Mine,MCL,,no MCL area name in the mine's name or with a published district of Angul,Odisha,Angul,current,"GEM district 'Angul', consistent with the GEM point",East,Talcher,21.095844,85.079292,exact_gem,M0552,Mahanadi Coalfields Ltd [100.0%],opencast,Subbituminous,14,11.81,2024,1392,Estimate,operating,head.od-ang-39@coalmine.in,false,95.0,LOW,1,demo value carried from seed slot CG-KOR-39; not an assessment of the real mine,"MCL: surface seat (18 seats; ranked by location accuracy, then capacity)",CG-KOR-39
40,MH-YAV-40,Niljai Coal Mine,WCL,,no WCL area name in the mine's name or with a published district of Yavatmal,Maharashtra,Yavatmal,current,"GEM district 'Yavatmal', consistent with the GEM point",West,Yavatmal,19.995700,79.082500,exact_gem,M0593,Western Coalfields Ltd [100.0%],opencast,Subbituminous,4.5,4.49,2024,617,Estimate,operating,head.mh-yav-40@coalmine.in,false,95.0,LOW,1,demo value carried from seed slot WB-RAN-40; not an assessment of the real mine,"WCL: surface seat (6 seats; ranked by location accuracy, then capacity)",WB-RAN-40
41,UP-SON-41,Khadia Coal Mine,NCL,,no NCL area name in the mine's name or with a published district of Sonbhadra,Uttar Pradesh,Sonbhadra,current,"GEM district 'Sonbhadra / Singrauli', consistent with the GEM point",North,Singrauli,24.131800,82.714400,exact_gem,M0556,Northern Coalfields Ltd [100.0%],opencast,Subbituminous,10,9.21,2025,2050,Exact,operating,head.up-son-41@coalmine.in,false,70.0,MEDIUM,6,demo value carried from seed slot WB-ASA-41; not an assessment of the real mine,"NCL: surface seat (9 seats; ranked by location accuracy, then capacity)",WB-ASA-41
42,MP-SIN-42,Block-B Coal Mine,NCL,,no NCL area name in the mine's name or with a published district of Singrauli,Madhya Pradesh,Singrauli,current,"GEM district 'Singrauli', consistent with the GEM point",Central,Singrauli,24.175024,82.560282,exact_gem,M0490,Northern Coalfields Ltd [100.0%],opencast,Lignite,8,7.5,2025,1481,Estimate,operating,head.mp-sin-42@coalmine.in,false,65.0,MEDIUM,7,demo value carried from seed slot WB-PUR-42; not an assessment of the real mine,"NCL: surface seat (9 seats; ranked by location accuracy, then capacity)",WB-PUR-42
43,JH-RAN-43,K. D. H. Coal Mine,CCL,,no CCL area name in the mine's name or with a published district of Ranchi,Jharkhand,Ranchi,current,"2011 district containing the GEM point (Ranchi), no later district inside it",East,North Karanpura,23.663881,85.000762,exact_gem,M2890,Central Coalfields Ltd [100.0%],opencast,Subbituminous,3,0.86,2024,396,Estimate,operating,head.jh-ran-43@coalmine.in,false,100.0,LOW,0,demo value carried from seed slot WB-BAR-43; not an assessment of the real mine,"CCL: surface seat (8 seats; ranked by location accuracy, then capacity)",WB-BAR-43
44,OD-SUN-44,Siarmal Coal Mine,MCL,,no MCL area name in the mine's name or with a published district of Sundargarh,Odisha,Sundargarh,current,"GEM district 'Sundergarh', consistent with the GEM point",East,Ib Valley,22.043469,83.733619,exact_gem,M0632,Mahanadi Coalfields Ltd [100.0%],opencast,Lignite,10,22.36,2025,2995,Exact,operating,head.od-sun-44@coalmine.in,false,95.0,LOW,1,demo value carried from seed slot WB-RAN-44; not an assessment of the real mine,"MCL: surface seat (18 seats; ranked by location accuracy, then capacity)",WB-RAN-44
45,OD-ANG-45,Jagannath Coal Mine,MCL,MCL-JAGANNATH,name: the mine's name contains the area name 'Jagannath Area'; the area page names no district,Odisha,Angul,current,"GEM district 'Angul', consistent with the GEM point",East,Talcher,20.949857,85.147665,exact_gem,M0537,Mahanadi Coalfields Ltd [100.0%],opencast,Lignite,8.35,7.49,2024,973,Estimate,operating,head.od-ang-45@coalmine.in,false,95.0,LOW,1,demo value carried from seed slot WB-ASA-45; not an assessment of the real mine,"MCL: surface seat (18 seats; ranked by location accuracy, then capacity)",WB-ASA-45
46,OD-JHA-46,Orient Mine 1 & 2,MCL,MCL-ORIENT,name: the mine's name contains the area name 'Orient Area'; the area page names no district,Odisha,Jharsuguda,current,"GEM district 'Jharsuguda', consistent with the GEM point",East,,21.833822,83.919045,exact_gem,M3010,Mahanadi Coalfields Ltd [100.0%],underground,Lignite,0.6,0.199,2024,658,Estimate,operating,head.od-jha-46@coalmine.in,false,95.0,LOW,1,demo value carried from seed slot WB-PUR-46; not an assessment of the real mine,"MCL: underground seat (18 seats; ranked by location accuracy, then capacity)",WB-PUR-46
47,OD-ANG-47,Talcher UG Coal Mine,MCL,MCL-TALCHER,name: the mine's name contains the area name 'Talcher Area'; the area page names no district,Odisha,Angul,current,"GEM district 'Angul', consistent with the GEM point",East,Talcher,20.962009,85.178092,exact_gem,M1746,Mahanadi Coalfields Ltd [100.0%],underground,Subbituminous,0.36,0.36,2023,735,Estimate,operating,head.od-ang-47@coalmine.in,false,100.0,LOW,0,demo value carried from seed slot WB-BAR-47; not an assessment of the real mine,"MCL: underground seat (18 seats; ranked by location accuracy, then capacity)",WB-BAR-47
48,MP-SIN-48,Jhingurda Coal Mine,NCL,,no NCL area name in the mine's name or with a published district of Singrauli,Madhya Pradesh,Singrauli,current,"GEM district 'Singrauli', consistent with the GEM point",Central,Singrauli,24.212132,82.698427,exact_gem,M0545,Northern Coalfields Ltd [100.0%],opencast,Subbituminous,2.4,4.34,2024,329,Estimate,operating,head.mp-sin-48@coalmine.in,false,100.0,LOW,0,demo value carried from seed slot MP-SIN-48; not an assessment of the real mine,"NCL: surface seat (9 seats; ranked by location accuracy, then capacity)",MP-SIN-48
49,WB-BAR-49,Tilaboni Coal Mine,ECL,,"no area name in the mine's name, and its district is a 2011 district split since",West Bengal,Barddhaman,2011,"2011 district containing the GEM point (Barddhaman); Wikidata districts inside it: Paschim Bardhaman, Purba Bardhaman - so the current district is not determined",East,,23.661247,87.275026,exact_gem,M2746,Eastern Coalfields Ltd [100.0%],underground,Subbituminous,2.14,0.19,2023,742,Estimate,operating,head.wb-bar-49@coalmine.in,false,25.0,HIGH,15,demo value carried from seed slot MP-SHA-49; not an assessment of the real mine,"ECL: underground seat (5 seats; ranked by location accuracy, then capacity)",MP-SHA-49
50,MP-UMA-50,Vindhya Coal Mine,SECL,,no SECL area name in the mine's name or with a published district of Umaria,Madhya Pradesh,Umaria,current,"GEM district 'Umaria', consistent with the GEM point",Central,Johilla,23.335615,80.906108,exact_gem,M1754,South Eastern Coalfields Ltd [100.0%],underground,Subbituminous,0.705,0.465,2024,732,Estimate,operating,head.mp-uma-50@coalmine.in,false,95.0,LOW,1,demo value carried from seed slot MP-UMA-50; not an assessment of the real mine,"SECL: underground seat (17 seats; ranked by location accuracy, then capacity)",MP-UMA-50
51,TS-KHA-51,JVR I & II Coal Mine,SCCL,,"no area name in the mine's name, and its district is a 2011 district split since",Telangana,Khammam,2011,GEM district 'Khammam' is the 2011 district Khammam; Wikidata districts inside it: Bhadradri Kothagudem - so the current district is not determined,South,Godavari Valley,17.203521,80.798332,exact_gem,M4442,The Singareni Collieries Co Ltd [100.0%],opencast,Subbituminous,12,11.07,2023,1824,Estimate,operating,head.ts-kha-51@coalmine.in,false,15.0,HIGH,17,demo value carried from seed slot MP-ANU-51; not an assessment of the real mine,"SCCL: surface seat (6 seats; ranked by location accuracy, then capacity)",MP-ANU-51
52,MP-SHA-52,Bangwar Coal Mine,SECL,,no SECL area name in the mine's name or with a published district of Shahdol,Madhya Pradesh,Shahdol,current,"GEM district 'Shahdol', consistent with the GEM point",Central,Sohagpur,23.151647,81.538768,exact_gem,M1649,South Eastern Coalfields Ltd [100.0%],underground,Subbituminous,0.6,0.65,2024,857,Estimate,operating,head.mp-sha-52@coalmine.in,false,70.0,MEDIUM,6,demo value carried from seed slot MP-BET-52; not an assessment of the real mine,"SECL: underground seat (17 seats; ranked by location accuracy, then capacity)",MP-BET-52
53,MP-ANU-53,Sheetaldhara-Kurja and Kapidhara Coal Mines,SECL,,no SECL area name in the mine's name or with a published district of Anuppur,Madhya Pradesh,Anuppur,current,"2011 district containing the GEM point (Anuppur), no later district inside it; GEM's district text 'Annupur' is not a district of Madhya Pradesh in the district lists",Central,Sohagpur,23.239816,82.112069,exact_gem,M1735,South Eastern Coalfields Ltd [100.0%],underground,Subbituminous,2.16,0.808,2024,688,Estimate,operating,head.mp-anu-53@coalmine.in,false,55.0,MEDIUM,9,demo value carried from seed slot MP-SIN-53; not an assessment of the real mine,"SECL: underground seat (17 seats; ranked by location accuracy, then capacity)",MP-SIN-53
54,MP-SIN-54,Dudhichua Coal Mine,NCL,,no NCL area name in the mine's name or with a published district of Singrauli,Madhya Pradesh,Singrauli,current,"2011 district containing the GEM point (Singrauli), no later district inside it; GEM's state 'Uttar Pradesh' is 1.0 km across the border; the point's state (Madhya Pradesh) is used; GEM's district text 'Sonbhadra' is not a district of Madhya Pradesh in the district lists",Central,Singrauli,24.164740,82.672870,exact_gem,M0514,Northern Coalfields Ltd [100.0%],opencast,Subbituminous,25.5,9.27,2024,3018,Exact,operating,head.mp-sin-54@coalmine.in,false,100.0,LOW,0,demo value carried from seed slot MP-SHA-54; not an assessment of the real mine,"NCL: surface seat (9 seats; ranked by location accuracy, then capacity)",MP-SHA-54
55,MP-CHH-55,Dhankasa Coal Mine,WCL,,"no area name in the mine's name, and its district is a 2011 district split since",Madhya Pradesh,Chhindwara,2011,GEM district 'Chhindwara' is the 2011 district Chhindwara; Wikidata districts inside it: Pandhurna - so the current district is not determined,Central,Pench-Kanhan Valley,22.294167,78.984444,exact_gem,M2992,Western Coalfields Ltd [100.0%],underground,Subbituminous,1.2,,,943,Estimate,operating,head.mp-chh-55@coalmine.in,false,95.0,LOW,1,demo value carried from seed slot MP-UMA-55; not an assessment of the real mine,"WCL: underground seat (6 seats; ranked by location accuracy, then capacity)",MP-UMA-55
56,OD-ANG-56,Balaram Coal Mine,MCL,,no MCL area name in the mine's name or with a published district of Angul,Odisha,Angul,current,"GEM district 'Angul', consistent with the GEM point",East,Talcher,20.962009,85.178092,exact_gem,M0478,Mahanadi Coalfields Ltd [100.0%],opencast,Subbituminous,8,7.74,2024,1326,Exact,operating,head.od-ang-56@coalmine.in,false,100.0,LOW,0,demo value carried from seed slot TS-RAM-56; not an assessment of the real mine,"MCL: surface seat (18 seats; ranked by location accuracy, then capacity)",TS-RAM-56
57,OD-ANG-57,Nandira Coal Mine,MCL,,no MCL area name in the mine's name or with a published district of Angul,Odisha,Angul,current,"GEM district 'Angul', consistent with the GEM point",East,Mahanadi,20.927380,85.124509,exact_gem,M2695,Mahanadi Coalfields Ltd [100.0%],underground,Subbituminous,0.33,0.06,2024,601,Estimate,operating,head.od-ang-57@coalmine.in,false,95.0,LOW,1,demo value carried from seed slot TS-BHA-57; not an assessment of the real mine,"MCL: underground seat (18 seats; ranked by location accuracy, then capacity)",TS-BHA-57
58,MH-CHA-58,Penganga Coal Mine,WCL,,2 WCL areas in Chandrapur: WCL-CHANDRAPUR WCL-WANI,Maharashtra,Chandrapur,current,"GEM district 'Chandrapur', consistent with the GEM point",West,Wardha Valley,19.862222,79.139166,exact_gem,M0606,Western Coalfields Ltd [100.0%],opencast,Subbituminous,4.5,3.75,2024,477,Estimate,operating,head.mh-cha-58@coalmine.in,false,95.0,LOW,1,demo value carried from seed slot TS-MAN-58; not an assessment of the real mine,"WCL: surface seat (6 seats; ranked by location accuracy, then capacity)",TS-MAN-58
59,OD-ANG-59,Ananta Coal Mine,MCL,,no MCL area name in the mine's name or with a published district of Angul,Odisha,Angul,current,"GEM district 'Angul', consistent with the GEM point",East,Talcher,20.943609,85.163715,exact_gem,M0476,Mahanadi Coalfields Ltd [100.0%],opencast,Lignite,7.9,20,2024,1765,Estimate,operating,head.od-ang-59@coalmine.in,false,100.0,LOW,0,demo value carried from seed slot TS-PED-59; not an assessment of the real mine,"MCL: surface seat (18 seats; ranked by location accuracy, then capacity)",TS-PED-59
60,OD-SUN-60,Garjanbahal Coal Mine,MCL,,no MCL area name in the mine's name or with a published district of Sundargarh,Odisha,Sundargarh,current,"GEM district 'Sundergarh', consistent with the GEM point",East,Ib Valley,22.034519,83.742660,exact_gem,M0524,Mahanadi Coalfields Ltd [100.0%],opencast,Subbituminous,20.21,18.2,2025,2192,Estimate,operating,head.od-sun-60@coalmine.in,false,95.0,LOW,1,demo value carried from seed slot TS-RAM-60; not an assessment of the real mine,"MCL: surface seat (18 seats; ranked by location accuracy, then capacity)",TS-RAM-60
61,OD-ANG-61,Bharatpur Coal Mine,MCL,MCL-BHARATPUR,name: the mine's name contains the area name 'Bharatpur Area'; the area page names no district,Odisha,Angul,current,"GEM district 'Angul', consistent with the GEM point",East,Talcher,20.957530,85.128911,exact_gem,M0484,Mahanadi Coalfields Ltd [100.0%],opencast,Lignite,20,12.14,2025,1300,Estimate,operating,head.od-ang-61@coalmine.in,false,100.0,LOW,0,demo value carried from seed slot TS-BHA-61; not an assessment of the real mine,"MCL: surface seat (18 seats; ranked by location accuracy, then capacity)",TS-BHA-61
62,TS-PED-62,Adriyala Coal Mine,SCCL,SCCL-ADRIYALA-PROJECTS,name: the mine's name contains the area name 'Adriyala Projects Area'; the area's published district (Peddapalli) is consistent with the mine's point,Telangana,Peddapalli,current,"GEM district 'Karimnagar' is the 2011 district Karimnagar; Wikidata districts inside it: Jagtial, Peddapalli, Rajanna Sircilla - so the current district is not determined; current district Peddapalli from the SCCL area page (SCCL-ADRIYALA-PROJECTS: 'Peddapalli Dist.')",South,Mancherial,18.664800,79.579000,exact_gem,M0465,The Singareni Collieries Co Ltd [100.0%],underground,Subbituminous,2.5,1.47,2024,1152,Estimate,operating,head.ts-ped-62@coalmine.in,false,100.0,LOW,0,demo value carried from seed slot TS-MAN-62; not an assessment of the real mine,"SCCL: underground seat (6 seats; ranked by location accuracy, then capacity)",TS-MAN-62
63,MH-NAG-63,Saoner Coal Mine,WCL,,2 WCL areas in Nagpur: WCL-NAGPUR WCL-UMRER,Maharashtra,Nagpur,current,"GEM district 'Nagpur', consistent with the GEM point",West,Kamptee,21.358103,78.930266,exact_gem,M1731,Western Coalfields Ltd [100.0%],underground,Subbituminous,0.9,0.505,2024,788,Estimate,operating,head.mh-nag-63@coalmine.in,false,70.0,MEDIUM,6,demo value carried from seed slot MH-CHA-63; not an assessment of the real mine,"WCL: underground seat (6 seats; ranked by location accuracy, then capacity)",MH-CHA-63
64,OD-SUN-64,Basundhara (West) Coal Mine,MCL,MCL-BASUNDHARA,name: the mine's name contains the area name 'Basundhara Area'; the area page names no district,Odisha,Sundargarh,current,"GEM district 'Sundergarh', consistent with the GEM point",East,Ib Valley,22.059284,83.730400,exact_gem,M0481,Mahanadi Coalfields Ltd [100.0%],opencast,Lignite,5,1.43,2024,479,Estimate,operating,head.od-sun-64@coalmine.in,false,70.0,MEDIUM,6,demo value carried from seed slot MH-NAG-64; not an assessment of the real mine,"MCL: surface seat (18 seats; ranked by location accuracy, then capacity)",MH-NAG-64
65,UP-SON-65,Krishnashila Coal Mine,NCL,,no NCL area name in the mine's name or with a published district of Sonbhadra,Uttar Pradesh,Sonbhadra,current,"GEM district 'Sonbhadra', consistent with the GEM point",North,Singrauli,24.124352,82.742500,exact_gem,M0562,Northern Coalfields Ltd [100.0%],opencast,Lignite,7.5,2.781,2024,634,Exact,operating,head.up-son-65@coalmine.in,false,100.0,LOW,0,demo value carried from seed slot MH-YAV-65; not an assessment of the real mine,"NCL: surface seat (9 seats; ranked by location accuracy, then capacity)",MH-YAV-65
66,MP-ANU-66,Rajnagar Coal Mine,SECL,,no SECL area name in the mine's name or with a published district of Anuppur,Madhya Pradesh,Anuppur,current,"2011 district containing the GEM point (Anuppur), no later district inside it; GEM names 'Shahdol', a district adjacent to the one containing the point (often the district it was carved from)",Central,Sohagpur,23.208097,82.123782,exact_gem,M1721,South Eastern Coalfields Ltd [100.0%],mixed,Subbituminous,1.35,0.13,2024,567,Estimate,operating,head.mp-anu-66@coalmine.in,false,100.0,LOW,0,demo value carried from seed slot MH-WAR-66; not an assessment of the real mine,"SECL: underground seat (17 seats; ranked by location accuracy, then capacity)",MH-WAR-66
67,OD-JHA-67,Lajkura Coal Mine,MCL,,no MCL area name in the mine's name or with a published district of Jharsuguda,Odisha,Jharsuguda,current,"2011 district containing the GEM point (Jharsuguda), no later district inside it; GEM names 'Sundergarh', a district adjacent to the one containing the point (often the district it was carved from)",East,Ib Valley,21.814345,83.901262,exact_gem,M0565,Mahanadi Coalfields Ltd [100.0%],opencast,Subbituminous,3,4.51,2024,605,Estimate,operating,head.od-jha-67@coalmine.in,false,65.0,MEDIUM,7,demo value carried from seed slot MH-CHA-67; not an assessment of the real mine,"MCL: surface seat (18 seats; ranked by location accuracy, then capacity)",MH-CHA-67
68,CG-KOR-68,NCPH Coal Mine,SECL,,"no area name in the mine's name, and its district is a 2011 district split since",Chhattisgarh,Koriya,2011,2011 district containing the GEM point (Koriya); Wikidata districts inside it: Manendragarh-Chirmiri-Bharatpur - so the current district is not determined; GEM's district text 'Korea' is not a district of Chhattisgarh in the district lists,Central,Chirimiri,23.194568,82.348931,exact_gem,M1716,South Eastern Coalfields Ltd [100.0%],underground,Subbituminous,0.9,0.35,2024,511,Estimate,operating,head.cg-kor-68@coalmine.in,false,65.0,MEDIUM,7,demo value carried from seed slot MH-NAG-68; not an assessment of the real mine,"SECL: underground seat (17 seats; ranked by location accuracy, then capacity)",MH-NAG-68
69,UP-SON-69,Bina Coal Mine,NCL,,no NCL area name in the mine's name or with a published district of Sonbhadra,Uttar Pradesh,Sonbhadra,current,"2011 district containing the GEM point (Sonbhadra), no later district inside it; GEM's state 'Madhya Pradesh' is 1.7 km across the border; the point's state (Uttar Pradesh) is used; GEM's district text 'Singrauli / Bina' is not a district of Uttar Pradesh in the district lists",North,Singrauli,24.148300,82.747600,exact_gem,M0488,Northern Coalfields Ltd [100.0%],opencast,Lignite,6,9.42,2025,935,Estimate,operating,head.up-son-69@coalmine.in,false,100.0,LOW,0,demo value carried from seed slot AS-TIN-69; not an assessment of the real mine,"NCL: surface seat (9 seats; ranked by location accuracy, then capacity)",AS-TIN-69
70,AS-TIN-70,Tikak Colliery,CIL,,no CIL area name in the mine's name or with a published district of Tinsukia,Assam,Tinsukia,current,"GEM district 'Tinsukia', consistent with the GEM point",North East,Makum,27.283288,95.733648,exact_gem,M2665,North Eastern Coalfields Ltd [100.0%],opencast,Subbituminous,,0.2,2024,377,Estimate,operating,head.as-tin-70@coalmine.in,false,95.0,LOW,1,demo value carried from seed slot AS-DIB-70; not an assessment of the real mine,"CIL: surface seat (1 seats; ranked by location accuracy, then capacity)",AS-DIB-70
71,TS-KHA-71,Prakasham Khani OC Coal Mine,SCCL,,"no area name in the mine's name, and its district is a 2011 district split since",Telangana,Khammam,2011,2011 district containing the GEM point (Khammam); Wikidata districts inside it: Bhadradri Kothagudem - so the current district is not determined,South,,17.943213,80.778210,exact_gem,M4463,The Singareni Collieries Co Ltd [100.0%],opencast,Subbituminous,10.45,10.45,2024,1702,Estimate,operating,head.ts-kha-71@coalmine.in,false,75.0,MEDIUM,5,demo value carried from seed slot AS-TIN-71; not an assessment of the real mine,"SCCL: surface seat (6 seats; ranked by location accuracy, then capacity)",AS-TIN-71
72,TS-PED-72,Ramagundam III Coal Mine,SCCL,SCCL-RAMAGUNDAM-III,name: the mine's name contains the area name 'Ramagundam-III Area'; the area's published district (Peddapalli) is consistent with the mine's point,Telangana,Peddapalli,current,"2011 district containing the GEM point (Karimnagar); Wikidata districts inside it: Jagtial, Peddapalli, Rajanna Sircilla - so the current district is not determined; current district Peddapalli from the SCCL area page (SCCL-RAMAGUNDAM-III: 'Peddapalli Dist.')",South,Peddapalli,18.697600,79.535200,exact_gem,M0620,The Singareni Collieries Co Ltd [100.0%],opencast,Subbituminous,9.52,9.5,2024,2228,Exact,operating,head.ts-ped-72@coalmine.in,false,95.0,LOW,1,demo value carried from seed slot UP-SON-72; not an assessment of the real mine,"SCCL: surface seat (6 seats; ranked by location accuracy, then capacity)",UP-SON-72
73,MP-ANU-73,Behraband Coal Mine,SECL,,no SECL area name in the mine's name or with a published district of Anuppur,Madhya Pradesh,Anuppur,current,"GEM district 'Anuppur', consistent with the GEM point",Central,Sohagpur,23.282233,82.093922,exact_gem,M1659,South Eastern Coalfields Ltd [100.0%],underground,Subbituminous,0.6,0.5,2024,837,Estimate,operating,head.mp-anu-73@coalmine.in,false,65.0,MEDIUM,7,demo value carried from seed slot UP-SON-73; not an assessment of the real mine,"SECL: underground seat (17 seats; ranked by location accuracy, then capacity)",UP-SON-73
74,MP-ANU-74,Haldibari Coal Mine,SECL,,no SECL area name in the mine's name or with a published district of Anuppur,Madhya Pradesh,Anuppur,current,"2011 district containing the GEM point (Anuppur), no later district inside it; GEM's state 'Chhattisgarh' is 0.1 km across the border; the point's state (Madhya Pradesh) is used; GEM's district text 'Korea' is not a district of Madhya Pradesh in the district lists",Central,Jhilimili,23.223784,82.149577,exact_gem,M1680,South Eastern Coalfields Ltd [100.0%],underground,Subbituminous,0.6,0.59,2024,546,Estimate,operating,head.mp-anu-74@coalmine.in,false,100.0,LOW,0,demo value carried from seed slot JK-UDH-74; not an assessment of the real mine,"SECL: underground seat (17 seats; ranked by location accuracy, then capacity)",JK-UDH-74
