id,code,name,company_id,area_id,area_method,state,district,current_district,lat,lon,location_quality,location_method,is_demo_mine,gem_id,gem_name,match_confidence,match_note,type,type_source,capacity_mtpa,status,operator_in_state_per_gem
1,JH-DHN-01,Jharia Coalfield Block A,BCCL,,no BCCL area has a published district of Dhanbad,Jharkhand,Dhanbad,Dhanbad,23.83,86.47,district_centroid,centroid of the 2011 polygon of Dhanbad,true,,,0.5,best candidate below 0.85: Rajapur-South Jharia Coal Mine (word is a GEM coalfield name in this state - capped at 0.5),,,,,44 GEM Jharkhand mines list Bharat Coking Coal Ltd as owner
2,MP-SGR-02,Singrauli Opencast Mine,NCL,,"company publishes no areas (ECL/CCL/SECL skipped, NCL page empty, NLC by mines; CIL is the holding)",Madhya Pradesh,Singrauli,Singrauli,24.22,82.42,district_centroid,centroid of the 2011 polygon of Singrauli,true,,,0,no distinctive word in the name,opencast,seed name contains 'opencast',,,9 GEM Madhya Pradesh mines list Northern Coalfields Ltd as owner
3,CG-KRB-03,Korba Gevra Expansion,SECL,,"company publishes no areas (ECL/CCL/SECL skipped, NCL page empty, NLC by mines; CIL is the holding)",Chhattisgarh,Korba,Korba,22.336312,82.545748,exact_gem,GEM M0527 coordinates (Location Accuracy: Exact),false,M0527,Gevra Coal Mine,1.0,"'gevra' -> GEM M0527 'Gevra Coal Mine' (name 100, owner agrees, district factor 1.0)",opencast,GEM Mine Type 'Surface',70,operating,55 GEM Chhattisgarh mines list South Eastern Coalfields Ltd as owner
4,WB-RNG-04,Raniganj Deep Shaft,ECL,,"company publishes no areas (ECL/CCL/SECL skipped, NCL page empty, NLC by mines; CIL is the holding)",West Bengal,Raniganj,Paschim Bardhaman,23.68,86.99,district_centroid,Wikidata coordinate of Paschim Bardhaman (Q29215602),true,,,0,no distinctive word in the name,underground,seed name contains 'deep shaft',,,68 GEM West Bengal mines list Eastern Coalfields Ltd as owner
5,OD-TLC-05,Talcher Underground Unit 2,MCL,,no MCL area has a published district of Angul,Odisha,Angul,Angul,20.99,84.91,district_centroid,centroid of the 2011 polygon of Anugul,true,,,0.5,best candidate below 0.85: Talcher UG Coal Mine (word is a GEM coalfield name in this state - capped at 0.5),underground,seed name contains 'underground',,,32 GEM Odisha mines list Mahanadi Coalfields Ltd as owner
6,JH-DHA-06,Dhanbad Washery Block,CCL,,"company publishes no areas (ECL/CCL/SECL skipped, NCL page empty, NLC by mines; CIL is the holding)",Jharkhand,Dhanbad,Dhanbad,23.83,86.47,district_centroid,centroid of the 2011 polygon of Dhanbad,true,,,0,no distinctive word in the name,,,,,61 GEM Jharkhand mines list Central Coalfields Ltd as owner
7,JH-BOK-07,Bokaro Opencast Project,CIL,,"company publishes no areas (ECL/CCL/SECL skipped, NCL page empty, NLC by mines; CIL is the holding)",Jharkhand,Bokaro,Bokaro,23.69,85.99,district_centroid,centroid of the 2011 polygon of Bokaro,true,,,0,no distinctive word in the name,opencast,seed name contains 'opencast',,,84 GEM Jharkhand mines list Coal India Ltd as parent
8,JH-RAM-08,Ramgarh Opencast Project,ECL,,"company publishes no areas (ECL/CCL/SECL skipped, NCL page empty, NLC by mines; CIL is the holding)",Jharkhand,Ramgarh,Ramgarh,23.63,85.56,district_centroid,centroid of the 2011 polygon of Ramgarh,true,,,0,no distinctive word in the name,opencast,seed name contains 'opencast',,,15 GEM Jharkhand mines list Eastern Coalfields Ltd as owner
9,JH-CHA-09,Chatra Expansion Block,CCL,,"company publishes no areas (ECL/CCL/SECL skipped, NCL page empty, NLC by mines; CIL is the holding)",Jharkhand,Chatra,Chatra,24.17,84.89,district_centroid,centroid of the 2011 polygon of Chatra,true,,,0,no distinctive word in the name,,,,,61 GEM Jharkhand mines list Central Coalfields Ltd as owner
10,JH-LAT-10,Latehar Underground Mine,CIL,,"company publishes no areas (ECL/CCL/SECL skipped, NCL page empty, NLC by mines; CIL is the holding)",Jharkhand,Latehar,Latehar,23.72,84.44,district_centroid,centroid of the 2011 polygon of Latehar,true,,,0,no distinctive word in the name,underground,seed name contains 'underground',,,84 GEM Jharkhand mines list Coal India Ltd as parent
11,JH-GOD-11,Godda Expansion Block,CCL,,"company publishes no areas (ECL/CCL/SECL skipped, NCL page empty, NLC by mines; CIL is the holding)",Jharkhand,Godda,Godda,24.86,87.31,district_centroid,centroid of the 2011 polygon of Godda,true,,,0,no distinctive word in the name,,,,,61 GEM Jharkhand mines list Central Coalfields Ltd as owner
12,JH-HAZ-12,Hazaribagh Colliery,ECL,,"company publishes no areas (ECL/CCL/SECL skipped, NCL page empty, NLC by mines; CIL is the holding)",Jharkhand,Hazaribagh,Hazaribagh,23.99,85.41,district_centroid,centroid of the 2011 polygon of Hazaribagh,true,,,0,no distinctive word in the name,,,,,15 GEM Jharkhand mines list Eastern Coalfields Ltd as owner
13,JH-DHA-13,Dhanbad Opencast Project,NLC,,"company publishes no areas (ECL/CCL/SECL skipped, NCL page empty, NLC by mines; CIL is the holding)",Jharkhand,Dhanbad,Dhanbad,23.83,86.47,district_centroid,centroid of the 2011 polygon of Dhanbad,true,,,0,no distinctive word in the name,opencast,seed name contains 'opencast',,,1 GEM Jharkhand mines list NLC India Ltd as owner
14,JH-BOK-14,Bokaro Colliery,SCCL,,no SCCL area has a published district of Bokaro,Jharkhand,Bokaro,Bokaro,23.69,85.99,district_centroid,centroid of the 2011 polygon of Bokaro,true,,,0,no distinctive word in the name,,,,,0 GEM Jharkhand mines list Singareni Collieries Company Ltd as owner
15,JH-RAM-15,Ramgarh Deep Shaft,SECL,,"company publishes no areas (ECL/CCL/SECL skipped, NCL page empty, NLC by mines; CIL is the holding)",Jharkhand,Ramgarh,Ramgarh,23.63,85.56,district_centroid,centroid of the 2011 polygon of Ramgarh,true,,,0,no distinctive word in the name,underground,seed name contains 'deep shaft',,,0 GEM Jharkhand mines list South Eastern Coalfields Ltd as owner
16,JH-CHA-16,Chatra Deep Shaft,BCCL,,no BCCL area has a published district of Chatra,Jharkhand,Chatra,Chatra,24.17,84.89,district_centroid,centroid of the 2011 polygon of Chatra,true,,,0,no distinctive word in the name,underground,seed name contains 'deep shaft',,,44 GEM Jharkhand mines list Bharat Coking Coal Ltd as owner
17,JH-LAT-17,Latehar Washery Block,BCCL,,no BCCL area has a published district of Latehar,Jharkhand,Latehar,Latehar,23.72,84.44,district_centroid,centroid of the 2011 polygon of Latehar,true,,,0,no distinctive word in the name,,,,,44 GEM Jharkhand mines list Bharat Coking Coal Ltd as owner
18,OD-ANG-18,Angul Washery Block,WCL,,no WCL area has a published district of Angul,Odisha,Angul,Angul,20.99,84.91,district_centroid,centroid of the 2011 polygon of Anugul,true,,,0,no distinctive word in the name,,,,,0 GEM Odisha mines list Western Coalfields Ltd as owner
19,OD-JHA-19,Jharsuguda Deep Shaft,BCCL,,no BCCL area has a published district of Jharsuguda,Odisha,Jharsuguda,Jharsuguda,21.81,83.95,district_centroid,centroid of the 2011 polygon of Jharsuguda,true,,,0,no distinctive word in the name,underground,seed name contains 'deep shaft',,,0 GEM Odisha mines list Bharat Coking Coal Ltd as owner
20,OD-SUN-20,Sundargarh Washery Block,SECL,,"company publishes no areas (ECL/CCL/SECL skipped, NCL page empty, NLC by mines; CIL is the holding)",Odisha,Sundargarh,Sundargarh,22.08,84.51,district_centroid,centroid of the 2011 polygon of Sundargarh,true,,,0,no distinctive word in the name,,,,,1 GEM Odisha mines list South Eastern Coalfields Ltd as owner
21,OD-SAM-21,Sambalpur Expansion Block,NCL,,"company publishes no areas (ECL/CCL/SECL skipped, NCL page empty, NLC by mines; CIL is the holding)",Odisha,Sambalpur,Sambalpur,21.45,84.28,district_centroid,centroid of the 2011 polygon of Sambalpur,true,,,0,no distinctive word in the name,,,,,0 GEM Odisha mines list Northern Coalfields Ltd as owner
22,OD-DHE-22,Dhenkanal Expansion Block,MCL,,no MCL area has a published district of Dhenkanal,Odisha,Dhenkanal,Dhenkanal,20.83,85.53,district_centroid,centroid of the 2011 polygon of Dhenkanal,true,,,0,no distinctive word in the name,,,,,32 GEM Odisha mines list Mahanadi Coalfields Ltd as owner
23,OD-ANG-23,Angul Underground Mine,NLC,,"company publishes no areas (ECL/CCL/SECL skipped, NCL page empty, NLC by mines; CIL is the holding)",Odisha,Angul,Angul,20.99,84.91,district_centroid,centroid of the 2011 polygon of Anugul,true,,,0,no distinctive word in the name,underground,seed name contains 'underground',,,3 GEM Odisha mines list NLC India Ltd as owner
24,OD-JHA-24,Jharsuguda Opencast Project,WCL,,no WCL area has a published district of Jharsuguda,Odisha,Jharsuguda,Jharsuguda,21.81,83.95,district_centroid,centroid of the 2011 polygon of Jharsuguda,true,,,0,no distinctive word in the name,opencast,seed name contains 'opencast',,,0 GEM Odisha mines list Western Coalfields Ltd as owner
25,OD-SUN-25,Sundargarh Coalfield Block,NCL,,"company publishes no areas (ECL/CCL/SECL skipped, NCL page empty, NLC by mines; CIL is the holding)",Odisha,Sundargarh,Sundargarh,22.08,84.51,district_centroid,centroid of the 2011 polygon of Sundargarh,true,,,0,no distinctive word in the name,,,,,0 GEM Odisha mines list Northern Coalfields Ltd as owner
26,OD-SAM-26,Sambalpur Opencast Project,CCL,,"company publishes no areas (ECL/CCL/SECL skipped, NCL page empty, NLC by mines; CIL is the holding)",Odisha,Sambalpur,Sambalpur,21.45,84.28,district_centroid,centroid of the 2011 polygon of Sambalpur,true,,,0,no distinctive word in the name,opencast,seed name contains 'opencast',,,0 GEM Odisha mines list Central Coalfields Ltd as owner
27,OD-DHE-27,Dhenkanal Expansion Block,ECL,,"company publishes no areas (ECL/CCL/SECL skipped, NCL page empty, NLC by mines; CIL is the holding)",Odisha,Dhenkanal,Dhenkanal,20.83,85.53,district_centroid,centroid of the 2011 polygon of Dhenkanal,true,,,0,no distinctive word in the name,,,,,0 GEM Odisha mines list Eastern Coalfields Ltd as owner
28,OD-ANG-28,Angul Deep Shaft,SECL,,"company publishes no areas (ECL/CCL/SECL skipped, NCL page empty, NLC by mines; CIL is the holding)",Odisha,Angul,Angul,20.99,84.91,district_centroid,centroid of the 2011 polygon of Anugul,true,,,0,no distinctive word in the name,underground,seed name contains 'deep shaft',,,1 GEM Odisha mines list South Eastern Coalfields Ltd as owner
29,CG-KOR-29,Korba Expansion Block,SCCL,,no SCCL area has a published district of Korba,Chhattisgarh,Korba,Korba,22.53,82.61,district_centroid,centroid of the 2011 polygon of Korba,true,,,0,no distinctive word in the name,,,,,0 GEM Chhattisgarh mines list Singareni Collieries Company Ltd as owner
30,CG-RAI-30,Raigarh Deep Shaft,BCCL,,no BCCL area has a published district of Raigarh,Chhattisgarh,Raigarh,Raigarh,22.08,83.31,district_centroid,centroid of the 2011 polygon of Raigarh,true,,,0,no distinctive word in the name,underground,seed name contains 'deep shaft',,,0 GEM Chhattisgarh mines list Bharat Coking Coal Ltd as owner
31,CG-SUR-31,Surguja Washery Block,CIL,,"company publishes no areas (ECL/CCL/SECL skipped, NCL page empty, NLC by mines; CIL is the holding)",Chhattisgarh,Surguja,Surguja,23.36,83.22,district_centroid,centroid of the 2011 polygon of Surguja,true,,,0,no distinctive word in the name,,,,,55 GEM Chhattisgarh mines list Coal India Ltd as parent
32,CG-KOR-32,Koriya Washery Block,NLC,,"company publishes no areas (ECL/CCL/SECL skipped, NCL page empty, NLC by mines; CIL is the holding)",Chhattisgarh,Koriya,Koriya,23.47,82.24,district_centroid,centroid of the 2011 polygon of Koriya,true,,,0,no distinctive word in the name,,,,,0 GEM Chhattisgarh mines list NLC India Ltd as owner
33,CG-BIL-33,Bilaspur Washery Block,CCL,,"company publishes no areas (ECL/CCL/SECL skipped, NCL page empty, NLC by mines; CIL is the holding)",Chhattisgarh,Bilaspur,Bilaspur,22.35,81.96,district_centroid,centroid of the 2011 polygon of Bilaspur,true,,,0,no distinctive word in the name,,,,,0 GEM Chhattisgarh mines list Central Coalfields Ltd as owner
34,CG-KOR-34,Korba Deep Shaft,CCL,,"company publishes no areas (ECL/CCL/SECL skipped, NCL page empty, NLC by mines; CIL is the holding)",Chhattisgarh,Korba,Korba,22.53,82.61,district_centroid,centroid of the 2011 polygon of Korba,true,,,0,no distinctive word in the name,underground,seed name contains 'deep shaft',,,0 GEM Chhattisgarh mines list Central Coalfields Ltd as owner
35,CG-RAI-35,Raigarh Underground Mine,CCL,,"company publishes no areas (ECL/CCL/SECL skipped, NCL page empty, NLC by mines; CIL is the holding)",Chhattisgarh,Raigarh,Raigarh,22.08,83.31,district_centroid,centroid of the 2011 polygon of Raigarh,true,,,0,no distinctive word in the name,underground,seed name contains 'underground',,,0 GEM Chhattisgarh mines list Central Coalfields Ltd as owner
36,CG-SUR-36,Surguja Coalfield Block,BCCL,,no BCCL area has a published district of Surguja,Chhattisgarh,Surguja,Surguja,23.36,83.22,district_centroid,centroid of the 2011 polygon of Surguja,true,,,0,no distinctive word in the name,,,,,0 GEM Chhattisgarh mines list Bharat Coking Coal Ltd as owner
37,CG-KOR-37,Koriya Colliery,SECL,,"company publishes no areas (ECL/CCL/SECL skipped, NCL page empty, NLC by mines; CIL is the holding)",Chhattisgarh,Koriya,Koriya,23.47,82.24,district_centroid,centroid of the 2011 polygon of Koriya,true,,,0,no distinctive word in the name,,,,,55 GEM Chhattisgarh mines list South Eastern Coalfields Ltd as owner
38,CG-BIL-38,Bilaspur Underground Mine,CIL,,"company publishes no areas (ECL/CCL/SECL skipped, NCL page empty, NLC by mines; CIL is the holding)",Chhattisgarh,Bilaspur,Bilaspur,22.35,81.96,district_centroid,centroid of the 2011 polygon of Bilaspur,true,,,0,no distinctive word in the name,underground,seed name contains 'underground',,,55 GEM Chhattisgarh mines list Coal India Ltd as parent
39,CG-KOR-39,Korba Deep Shaft,NLC,,"company publishes no areas (ECL/CCL/SECL skipped, NCL page empty, NLC by mines; CIL is the holding)",Chhattisgarh,Korba,Korba,22.53,82.61,district_centroid,centroid of the 2011 polygon of Korba,true,,,0,no distinctive word in the name,underground,seed name contains 'deep shaft',,,0 GEM Chhattisgarh mines list NLC India Ltd as owner
40,WB-RAN-40,Raniganj Expansion Block,WCL,,no WCL area has a published district of Paschim Bardhaman,West Bengal,Raniganj,Paschim Bardhaman,23.68,86.99,district_centroid,Wikidata coordinate of Paschim Bardhaman (Q29215602),true,,,0,no distinctive word in the name,,,,,0 GEM West Bengal mines list Western Coalfields Ltd as owner
41,WB-ASA-41,Asansol Colliery,NCL,,"company publishes no areas (ECL/CCL/SECL skipped, NCL page empty, NLC by mines; CIL is the holding)",West Bengal,Asansol,Paschim Bardhaman,23.68,86.99,district_centroid,Wikidata coordinate of Paschim Bardhaman (Q29215602),true,,,0,no distinctive word in the name,,,,,0 GEM West Bengal mines list Northern Coalfields Ltd as owner
42,WB-PUR-42,Purulia Washery Block,NCL,,"company publishes no areas (ECL/CCL/SECL skipped, NCL page empty, NLC by mines; CIL is the holding)",West Bengal,Purulia,Purulia,23.28,86.42,district_centroid,centroid of the 2011 polygon of Puruliya,true,,,0,no distinctive word in the name,,,,,0 GEM West Bengal mines list Northern Coalfields Ltd as owner
43,WB-BAR-43,Bardhaman Opencast Project,CCL,,"company publishes no areas (ECL/CCL/SECL skipped, NCL page empty, NLC by mines; CIL is the holding)",West Bengal,Bardhaman,Bardhaman,23.43,87.77,district_centroid,centroid of the 2011 polygon of Barddhaman,true,,,0,no distinctive word in the name,opencast,seed name contains 'opencast',,,0 GEM West Bengal mines list Central Coalfields Ltd as owner
44,WB-RAN-44,Raniganj Deep Shaft,CCL,,"company publishes no areas (ECL/CCL/SECL skipped, NCL page empty, NLC by mines; CIL is the holding)",West Bengal,Raniganj,Paschim Bardhaman,23.68,86.99,district_centroid,Wikidata coordinate of Paschim Bardhaman (Q29215602),true,,,0,no distinctive word in the name,underground,seed name contains 'deep shaft',,,0 GEM West Bengal mines list Central Coalfields Ltd as owner
45,WB-ASA-45,Asansol Deep Shaft,CCL,,"company publishes no areas (ECL/CCL/SECL skipped, NCL page empty, NLC by mines; CIL is the holding)",West Bengal,Asansol,Paschim Bardhaman,23.68,86.99,district_centroid,Wikidata coordinate of Paschim Bardhaman (Q29215602),true,,,0,no distinctive word in the name,underground,seed name contains 'deep shaft',,,0 GEM West Bengal mines list Central Coalfields Ltd as owner
46,WB-PUR-46,Purulia Coalfield Block,MCL,,no MCL area has a published district of Purulia,West Bengal,Purulia,Purulia,23.28,86.42,district_centroid,centroid of the 2011 polygon of Puruliya,true,,,0,no distinctive word in the name,,,,,0 GEM West Bengal mines list Mahanadi Coalfields Ltd as owner
47,WB-BAR-47,Bardhaman Washery Block,MCL,,no MCL area has a published district of Bardhaman,West Bengal,Bardhaman,Bardhaman,23.43,87.77,district_centroid,centroid of the 2011 polygon of Barddhaman,true,,,0,no distinctive word in the name,,,,,0 GEM West Bengal mines list Mahanadi Coalfields Ltd as owner
48,MP-SIN-48,Singrauli Expansion Block,CCL,,"company publishes no areas (ECL/CCL/SECL skipped, NCL page empty, NLC by mines; CIL is the holding)",Madhya Pradesh,Singrauli,Singrauli,24.22,82.42,district_centroid,centroid of the 2011 polygon of Singrauli,true,,,0,no distinctive word in the name,,,,,0 GEM Madhya Pradesh mines list Central Coalfields Ltd as owner
49,MP-SHA-49,Shahdol Colliery,ECL,,"company publishes no areas (ECL/CCL/SECL skipped, NCL page empty, NLC by mines; CIL is the holding)",Madhya Pradesh,Shahdol,Shahdol,23.63,81.47,district_centroid,centroid of the 2011 polygon of Shahdol,true,,,0,no distinctive word in the name,,,,,0 GEM Madhya Pradesh mines list Eastern Coalfields Ltd as owner
50,MP-UMA-50,Umaria Underground Mine,NLC,,"company publishes no areas (ECL/CCL/SECL skipped, NCL page empty, NLC by mines; CIL is the holding)",Madhya Pradesh,Umaria,Umaria,23.56,80.97,district_centroid,centroid of the 2011 polygon of Umaria,true,,,0,no distinctive word in the name,underground,seed name contains 'underground',,,0 GEM Madhya Pradesh mines list NLC India Ltd as owner
51,MP-ANU-51,Anuppur Deep Shaft,SCCL,,no SCCL area has a published district of Anuppur,Madhya Pradesh,Anuppur,Anuppur,23.06,81.68,district_centroid,centroid of the 2011 polygon of Anuppur,true,,,0,no distinctive word in the name,underground,seed name contains 'deep shaft',,,0 GEM Madhya Pradesh mines list Singareni Collieries Company Ltd as owner
52,MP-BET-52,Betul Deep Shaft,CCL,,"company publishes no areas (ECL/CCL/SECL skipped, NCL page empty, NLC by mines; CIL is the holding)",Madhya Pradesh,Betul,Betul,21.88,77.87,district_centroid,centroid of the 2011 polygon of Betul,true,,,0,no distinctive word in the name,underground,seed name contains 'deep shaft',,,0 GEM Madhya Pradesh mines list Central Coalfields Ltd as owner
53,MP-SIN-53,Singrauli Colliery,SECL,,"company publishes no areas (ECL/CCL/SECL skipped, NCL page empty, NLC by mines; CIL is the holding)",Madhya Pradesh,Singrauli,Singrauli,24.22,82.42,district_centroid,centroid of the 2011 polygon of Singrauli,true,,,0,no distinctive word in the name,,,,,29 GEM Madhya Pradesh mines list South Eastern Coalfields Ltd as owner
54,MP-SHA-54,Shahdol Deep Shaft,NCL,,"company publishes no areas (ECL/CCL/SECL skipped, NCL page empty, NLC by mines; CIL is the holding)",Madhya Pradesh,Shahdol,Shahdol,23.63,81.47,district_centroid,centroid of the 2011 polygon of Shahdol,true,,,0,no distinctive word in the name,underground,seed name contains 'deep shaft',,,9 GEM Madhya Pradesh mines list Northern Coalfields Ltd as owner
55,MP-UMA-55,Umaria Colliery,WCL,,no WCL area has a published district of Umaria,Madhya Pradesh,Umaria,Umaria,23.56,80.97,district_centroid,centroid of the 2011 polygon of Umaria,true,,,0,no distinctive word in the name,,,,,23 GEM Madhya Pradesh mines list Western Coalfields Ltd as owner
56,TS-RAM-56,Ramagundam Coalfield Block,BCCL,,no BCCL area has a published district of Peddapalli,Telangana,Ramagundam,Peddapalli,18.61,79.38,district_centroid,Wikidata coordinate of Peddapalli (Q27614797),true,,,0,no distinctive word in the name,,,,,0 GEM Telangana mines list Bharat Coking Coal Ltd as owner
57,TS-BHA-57,Bhadradri Underground Mine,MCL,,no MCL area has a published district of Bhadradri Kothagudem,Telangana,Bhadradri,Bhadradri Kothagudem,17.55,80.63,district_centroid,Wikidata coordinate of Bhadradri Kothagudem (Q28169767),true,,,0,no distinctive word in the name,underground,seed name contains 'underground',,,0 GEM Telangana mines list Mahanadi Coalfields Ltd as owner
58,TS-MAN-58,Mancherial Coalfield Block,WCL,,no WCL area has a published district of Mancherial,Telangana,Mancherial,Mancherial,18.87,79.45,district_centroid,Wikidata coordinate of Mancherial (Q28169747),true,,,0,no distinctive word in the name,,,,,0 GEM Telangana mines list Western Coalfields Ltd as owner
59,TS-PED-59,Peddapalli Washery Block,BCCL,,no BCCL area has a published district of Peddapalli,Telangana,Peddapalli,Peddapalli,18.61,79.38,district_centroid,Wikidata coordinate of Peddapalli (Q27614797),true,,,0,no distinctive word in the name,,,,,0 GEM Telangana mines list Bharat Coking Coal Ltd as owner
60,TS-RAM-60,Ramagundam Expansion Block,MCL,,no MCL area has a published district of Peddapalli,Telangana,Ramagundam,Peddapalli,18.61,79.38,district_centroid,Wikidata coordinate of Peddapalli (Q27614797),true,,,0,no distinctive word in the name,,,,,0 GEM Telangana mines list Mahanadi Coalfields Ltd as owner
61,TS-BHA-61,Bhadradri Expansion Block,MCL,,no MCL area has a published district of Bhadradri Kothagudem,Telangana,Bhadradri,Bhadradri Kothagudem,17.55,80.63,district_centroid,Wikidata coordinate of Bhadradri Kothagudem (Q28169767),true,,,0,no distinctive word in the name,,,,,0 GEM Telangana mines list Mahanadi Coalfields Ltd as owner
62,TS-MAN-62,Mancherial Opencast Project,SCCL,SCCL-SRIRAMPUR,the only SCCL area whose published district is Mancherial,Telangana,Mancherial,Mancherial,18.87,79.45,district_centroid,Wikidata coordinate of Mancherial (Q28169747),true,,,0,no distinctive word in the name,opencast,seed name contains 'opencast',,,58 GEM Telangana mines list Singareni Collieries Company Ltd as owner
63,MH-CHA-63,Chandrapur Underground Mine,WCL,,2 WCL areas in Chandrapur: WCL-CHANDRAPUR WCL-WANI,Maharashtra,Chandrapur,Chandrapur,20.12,79.44,district_centroid,centroid of the 2011 polygon of Chandrapur,true,,,0,no distinctive word in the name,underground,seed name contains 'underground',,,58 GEM Maharashtra mines list Western Coalfields Ltd as owner
64,MH-NAG-64,Nagpur Washery Block,ECL,,"company publishes no areas (ECL/CCL/SECL skipped, NCL page empty, NLC by mines; CIL is the holding)",Maharashtra,Nagpur,Nagpur,21.18,79.09,district_centroid,centroid of the 2011 polygon of Nagpur,true,,,0,no distinctive word in the name,,,,,0 GEM Maharashtra mines list Eastern Coalfields Ltd as owner
65,MH-YAV-65,Yavatmal Underground Mine,NCL,,"company publishes no areas (ECL/CCL/SECL skipped, NCL page empty, NLC by mines; CIL is the holding)",Maharashtra,Yavatmal,Yavatmal,20.08,78.16,district_centroid,centroid of the 2011 polygon of Yavatmal,true,,,0,no distinctive word in the name,underground,seed name contains 'underground',,,0 GEM Maharashtra mines list Northern Coalfields Ltd as owner
66,MH-WAR-66,Wardha Washery Block,SECL,,"company publishes no areas (ECL/CCL/SECL skipped, NCL page empty, NLC by mines; CIL is the holding)",Maharashtra,Wardha,Wardha,20.80,78.59,district_centroid,centroid of the 2011 polygon of Wardha,true,,,0,no distinctive word in the name,,,,,0 GEM Maharashtra mines list South Eastern Coalfields Ltd as owner
67,MH-CHA-67,Chandrapur Washery Block,NLC,,"company publishes no areas (ECL/CCL/SECL skipped, NCL page empty, NLC by mines; CIL is the holding)",Maharashtra,Chandrapur,Chandrapur,20.12,79.44,district_centroid,centroid of the 2011 polygon of Chandrapur,true,,,0,no distinctive word in the name,,,,,0 GEM Maharashtra mines list NLC India Ltd as owner
68,MH-NAG-68,Nagpur Expansion Block,SECL,,"company publishes no areas (ECL/CCL/SECL skipped, NCL page empty, NLC by mines; CIL is the holding)",Maharashtra,Nagpur,Nagpur,21.18,79.09,district_centroid,centroid of the 2011 polygon of Nagpur,true,,,0,no distinctive word in the name,,,,,0 GEM Maharashtra mines list South Eastern Coalfields Ltd as owner
69,AS-TIN-69,Tinsukia Deep Shaft,NCL,,"company publishes no areas (ECL/CCL/SECL skipped, NCL page empty, NLC by mines; CIL is the holding)",Assam,Tinsukia,Tinsukia,27.58,95.63,district_centroid,centroid of the 2011 polygon of Tinsukia,true,,,0,no distinctive word in the name,underground,seed name contains 'deep shaft',,,0 GEM Assam mines list Northern Coalfields Ltd as owner
70,AS-DIB-70,Dibrugarh Deep Shaft,CIL,,"company publishes no areas (ECL/CCL/SECL skipped, NCL page empty, NLC by mines; CIL is the holding)",Assam,Dibrugarh,Dibrugarh,27.37,95.06,district_centroid,centroid of the 2011 polygon of Dibrugarh,true,,,0,no distinctive word in the name,underground,seed name contains 'deep shaft',,,3 GEM Assam mines list Coal India Ltd as parent
71,AS-TIN-71,Tinsukia Coalfield Block,SCCL,,no SCCL area has a published district of Tinsukia,Assam,Tinsukia,Tinsukia,27.58,95.63,district_centroid,centroid of the 2011 polygon of Tinsukia,true,,,0,no distinctive word in the name,,,,,0 GEM Assam mines list Singareni Collieries Company Ltd as owner
72,UP-SON-72,Sonbhadra Colliery,SCCL,,no SCCL area has a published district of Sonbhadra,Uttar Pradesh,Sonbhadra,Sonbhadra,24.40,83.05,district_centroid,centroid of the 2011 polygon of Sonbhadra,true,,,0,no distinctive word in the name,,,,,0 GEM Uttar Pradesh mines list Singareni Collieries Company Ltd as owner
73,UP-SON-73,Sonbhadra Coalfield Block,WCL,,no WCL area has a published district of Sonbhadra,Uttar Pradesh,Sonbhadra,Sonbhadra,24.40,83.05,district_centroid,centroid of the 2011 polygon of Sonbhadra,true,,,0,no distinctive word in the name,,,,,0 GEM Uttar Pradesh mines list Western Coalfields Ltd as owner
74,JK-UDH-74,Udhampur Underground Mine,BCCL,,no BCCL area has a published district of Udhampur,Jammu and Kashmir,Udhampur,Udhampur,32.89,75.33,district_centroid,centroid of the 2011 polygon of Udhampur,true,,,0,no distinctive word in the name,underground,seed name contains 'underground',,,0 - GEM lists no mines in Jammu and Kashmir
