company_id,row_label,scope,fiscal_year,mine_type,production_mt,manshifts_million,oms_t,source_file,source_table
ECL,ECL,company,2024-25,OC,43.560,1.6786,25.951,raw/moc/coal_directory_2024_25/cdchap2.xlsx,"Table 3.24 (PT24), 2024-25 columns"
BCCL,BCCL,company,2024-25,OC,39.363,4.7556,8.277,raw/moc/coal_directory_2024_25/cdchap2.xlsx,"Table 3.24 (PT24), 2024-25 columns"
CCL,CCL,company,2024-25,OC,86.832,6.4680,13.425,raw/moc/coal_directory_2024_25/cdchap2.xlsx,"Table 3.24 (PT24), 2024-25 columns"
NCL,NCL,company,2024-25,OC,139.000,3.6860,37.710,raw/moc/coal_directory_2024_25/cdchap2.xlsx,"Table 3.24 (PT24), 2024-25 columns"
WCL,WCL,company,2024-25,OC,66.345,6.9017,9.613,raw/moc/coal_directory_2024_25/cdchap2.xlsx,"Table 3.24 (PT24), 2024-25 columns"
SECL,SECL,company,2024-25,OC,155.619,3.0515,50.997,raw/moc/coal_directory_2024_25/cdchap2.xlsx,"Table 3.24 (PT24), 2024-25 columns"
MCL,MCL,company,2024-25,OC,224.695,5.5685,40.351,raw/moc/coal_directory_2024_25/cdchap2.xlsx,"Table 3.24 (PT24), 2024-25 columns"
CIL,NEC,"company (NEC row: CIL's own coalfield, no subsidiary)",2024-25,OC,0.200,0.0458,4.368,raw/moc/coal_directory_2024_25/cdchap2.xlsx,"Table 3.24 (PT24), 2024-25 columns"
CIL,CIL,group_total (sum of the eight rows above),2024-25,OC,755.613,32.1556,23.499,raw/moc/coal_directory_2024_25/cdchap2.xlsx,"Table 3.24 (PT24), 2024-25 columns"
SCCL,SCCL,company,2024-25,OC,64.199,2.5785,14.630,raw/moc/coal_directory_2024_25/cdchap2.xlsx,"Table 3.24 (PT24), 2024-25 columns"
ECL,ECL,company,2024-25,UG,8.475,8.9990,0.942,raw/moc/coal_directory_2024_25/cdchap2.xlsx,"Table 3.24 (PT24), 2024-25 columns"
BCCL,BCCL,company,2024-25,UG,1.139,1.5146,0.752,raw/moc/coal_directory_2024_25/cdchap2.xlsx,"Table 3.24 (PT24), 2024-25 columns"
CCL,CCL,company,2024-25,UG,0.705,0.4256,1.657,raw/moc/coal_directory_2024_25/cdchap2.xlsx,"Table 3.24 (PT24), 2024-25 columns"
NCL,NCL,company,2024-25,UG,,,,raw/moc/coal_directory_2024_25/cdchap2.xlsx,"Table 3.24 (PT24), 2024-25 columns"
WCL,WCL,company,2024-25,UG,2.776,2.4751,1.122,raw/moc/coal_directory_2024_25/cdchap2.xlsx,"Table 3.24 (PT24), 2024-25 columns"
SECL,SECL,company,2024-25,UG,11.868,5.3653,2.212,raw/moc/coal_directory_2024_25/cdchap2.xlsx,"Table 3.24 (PT24), 2024-25 columns"
MCL,MCL,company,2024-25,UG,0.479,0.5832,0.821,raw/moc/coal_directory_2024_25/cdchap2.xlsx,"Table 3.24 (PT24), 2024-25 columns"
CIL,NEC,"company (NEC row: CIL's own coalfield, no subsidiary)",2024-25,UG,0.000,0.0862,,raw/moc/coal_directory_2024_25/cdchap2.xlsx,"Table 3.24 (PT24), 2024-25 columns"
CIL,CIL,group_total (sum of the eight rows above),2024-25,UG,25.442,19.4490,1.308,raw/moc/coal_directory_2024_25/cdchap2.xlsx,"Table 3.24 (PT24), 2024-25 columns"
SCCL,SCCL,company,2024-25,UG,4.807,4.7827,0.980,raw/moc/coal_directory_2024_25/cdchap2.xlsx,"Table 3.24 (PT24), 2024-25 columns"
ECL,ECL,company,2024-25,ALL,52.035,10.6775,4.873,raw/moc/coal_directory_2024_25/cdchap2.xlsx,"Table 3.24 (PT24), 2024-25 columns"
BCCL,BCCL,company,2024-25,ALL,40.502,6.2702,6.459,raw/moc/coal_directory_2024_25/cdchap2.xlsx,"Table 3.24 (PT24), 2024-25 columns"
CCL,CCL,company,2024-25,ALL,87.537,6.8936,12.698,raw/moc/coal_directory_2024_25/cdchap2.xlsx,"Table 3.24 (PT24), 2024-25 columns"
NCL,NCL,company,2024-25,ALL,139.000,3.6860,37.710,raw/moc/coal_directory_2024_25/cdchap2.xlsx,"Table 3.24 (PT24), 2024-25 columns"
WCL,WCL,company,2024-25,ALL,69.121,9.3768,7.371,raw/moc/coal_directory_2024_25/cdchap2.xlsx,"Table 3.24 (PT24), 2024-25 columns"
SECL,SECL,company,2024-25,ALL,167.487,8.4168,19.899,raw/moc/coal_directory_2024_25/cdchap2.xlsx,"Table 3.24 (PT24), 2024-25 columns"
MCL,MCL,company,2024-25,ALL,225.174,6.1517,36.604,raw/moc/coal_directory_2024_25/cdchap2.xlsx,"Table 3.24 (PT24), 2024-25 columns"
CIL,NEC,"company (NEC row: CIL's own coalfield, no subsidiary)",2024-25,ALL,0.200,0.1320,1.516,raw/moc/coal_directory_2024_25/cdchap2.xlsx,"Table 3.24 (PT24), 2024-25 columns"
CIL,CIL,group_total (sum of the eight rows above),2024-25,ALL,781.056,51.6045,15.135,raw/moc/coal_directory_2024_25/cdchap2.xlsx,"Table 3.24 (PT24), 2024-25 columns"
SCCL,SCCL,company,2024-25,ALL,69.006,7.3612,5.790,raw/moc/coal_directory_2024_25/cdchap2.xlsx,"Table 3.24 (PT24), 2024-25 columns"
