company_id,row_label,scope,fiscal_year,coal_mt,coking_mt,opencast_mt,underground_mt,ob_removal,ob_production_opencast_mt,stripping_ratio,source_file,source_tables
BCCL,BCCL,company,2022-23,36.179,33.716,,,114.474,35.493,3.23,raw/moc/coal_directory_2024_25/cdchap2.xlsx,"Table 3.11 (PT11); Table 3.20 (PT20, 2023-24 and 2024-25 only); Table 3.22 (PT22)"
CCL,CCL,company,2022-23,76.087,20.554,,,106.581,75.224,1.42,raw/moc/coal_directory_2024_25/cdchap2.xlsx,"Table 3.11 (PT11); Table 3.20 (PT20, 2023-24 and 2024-25 only); Table 3.22 (PT22)"
CIL,CIL,group_total (sum of the eight rows above),2022-23,703.204,54.618,,,1627.857,677.717,2.40,raw/moc/coal_directory_2024_25/cdchap2.xlsx,"Table 3.11 (PT11); Table 3.20 (PT20, 2023-24 and 2024-25 only); Table 3.22 (PT22)"
ECL,ECL,company,2022-23,35.018,0.007,,,133.128,26.050,5.11,raw/moc/coal_directory_2024_25/cdchap2.xlsx,"Table 3.11 (PT11); Table 3.20 (PT20, 2023-24 and 2024-25 only); Table 3.22 (PT22)"
MCL,MCL,company,2022-23,193.262,0.000,,,229.529,192.821,1.19,raw/moc/coal_directory_2024_25/cdchap2.xlsx,"Table 3.11 (PT11); Table 3.20 (PT20, 2023-24 and 2024-25 only); Table 3.22 (PT22)"
NCL,NCL,company,2022-23,131.169,0.000,,,453.197,131.169,3.46,raw/moc/coal_directory_2024_25/cdchap2.xlsx,"Table 3.11 (PT11); Table 3.20 (PT20, 2023-24 and 2024-25 only); Table 3.22 (PT22)"
CIL,NEC,"company (NEC row: CIL's own coalfield, no subsidiary)",2022-23,0.200,0.000,,,1.946,0.200,9.73,raw/moc/coal_directory_2024_25/cdchap2.xlsx,"Table 3.11 (PT11); Table 3.20 (PT20, 2023-24 and 2024-25 only); Table 3.22 (PT22)"
NLC,NLCIL,company,2022-23,10.026,,,,8.004,10.026,0.80,raw/moc/coal_directory_2024_25/cdchap2.xlsx,"Table 3.11 (PT11); Table 3.20 (PT20, 2023-24 and 2024-25 only); Table 3.22 (PT22)"
SCCL,SCCL,company,2022-23,67.137,,,,410.109,59.938,6.84,raw/moc/coal_directory_2024_25/cdchap2.xlsx,"Table 3.11 (PT11); Table 3.20 (PT20, 2023-24 and 2024-25 only); Table 3.22 (PT22)"
SECL,SECL,company,2022-23,164.955,0.247,,,259.162,153.313,1.69,raw/moc/coal_directory_2024_25/cdchap2.xlsx,"Table 3.11 (PT11); Table 3.20 (PT20, 2023-24 and 2024-25 only); Table 3.22 (PT22)"
WCL,WCL,company,2022-23,64.283,0.094,,,325.613,61.396,5.30,raw/moc/coal_directory_2024_25/cdchap2.xlsx,"Table 3.11 (PT11); Table 3.20 (PT20, 2023-24 and 2024-25 only); Table 3.22 (PT22)"
BCCL,BCCL,company,2023-24,41.096,39.109,40.330,0.766,152.859,40.330,3.79,raw/moc/coal_directory_2024_25/cdchap2.xlsx,"Table 3.11 (PT11); Table 3.20 (PT20, 2023-24 and 2024-25 only); Table 3.22 (PT22)"
CCL,CCL,company,2023-24,86.054,21.060,85.273,0.781,121.334,85.273,1.42,raw/moc/coal_directory_2024_25/cdchap2.xlsx,"Table 3.11 (PT11); Table 3.20 (PT20, 2023-24 and 2024-25 only); Table 3.22 (PT22)"
CIL,CIL,group_total (sum of the eight rows above),2023-24,773.806,60.433,747.785,26.021,1917.592,747.785,2.56,raw/moc/coal_directory_2024_25/cdchap2.xlsx,"Table 3.11 (PT11); Table 3.20 (PT20, 2023-24 and 2024-25 only); Table 3.22 (PT22)"
ECL,ECL,company,2023-24,47.560,0.012,38.377,9.183,170.283,38.377,4.44,raw/moc/coal_directory_2024_25/cdchap2.xlsx,"Table 3.11 (PT11); Table 3.20 (PT20, 2023-24 and 2024-25 only); Table 3.22 (PT22)"
MCL,MCL,company,2023-24,206.099,,205.643,0.456,276.489,205.643,1.34,raw/moc/coal_directory_2024_25/cdchap2.xlsx,"Table 3.11 (PT11); Table 3.20 (PT20, 2023-24 and 2024-25 only); Table 3.22 (PT22)"
NCL,NCL,company,2023-24,136.148,,136.148,,492.471,136.148,3.62,raw/moc/coal_directory_2024_25/cdchap2.xlsx,"Table 3.11 (PT11); Table 3.20 (PT20, 2023-24 and 2024-25 only); Table 3.22 (PT22)"
CIL,NEC,"company (NEC row: CIL's own coalfield, no subsidiary)",2023-24,0.200,,0.200,,2.433,0.200,12.16,raw/moc/coal_directory_2024_25/cdchap2.xlsx,"Table 3.11 (PT11); Table 3.20 (PT20, 2023-24 and 2024-25 only); Table 3.22 (PT22)"
NLC,NLCIL,company,2023-24,12.641,,12.641,,12.896,12.641,1.02,raw/moc/coal_directory_2024_25/cdchap2.xlsx,"Table 3.11 (PT11); Table 3.20 (PT20, 2023-24 and 2024-25 only); Table 3.22 (PT22)"
SCCL,SCCL,company,2023-24,70.021,,64.090,5.931,417.344,64.090,6.51,raw/moc/coal_directory_2024_25/cdchap2.xlsx,"Table 3.11 (PT11); Table 3.20 (PT20, 2023-24 and 2024-25 only); Table 3.22 (PT22)"
SECL,SECL,company,2023-24,187.376,0.216,175.412,11.964,321.185,175.412,1.83,raw/moc/coal_directory_2024_25/cdchap2.xlsx,"Table 3.11 (PT11); Table 3.20 (PT20, 2023-24 and 2024-25 only); Table 3.22 (PT22)"
WCL,WCL,company,2023-24,69.113,0.036,66.242,2.871,380.538,66.242,5.74,raw/moc/coal_directory_2024_25/cdchap2.xlsx,"Table 3.11 (PT11); Table 3.20 (PT20, 2023-24 and 2024-25 only); Table 3.22 (PT22)"
BCCL,BCCL,company,2024-25,40.502,38.888,39.363,1.139,182.353,39.363,4.63,raw/moc/coal_directory_2024_25/cdchap2.xlsx,"Table 3.11 (PT11); Table 3.20 (PT20, 2023-24 and 2024-25 only); Table 3.22 (PT22)"
CCL,CCL,company,2024-25,87.537,20.539,86.832,0.705,118.348,86.832,1.36,raw/moc/coal_directory_2024_25/cdchap2.xlsx,"Table 3.11 (PT11); Table 3.20 (PT20, 2023-24 and 2024-25 only); Table 3.22 (PT22)"
CIL,CIL,group_total (sum of the eight rows above),2024-25,781.056,59.667,755.613,25.442,2019.495,755.613,2.67,raw/moc/coal_directory_2024_25/cdchap2.xlsx,"Table 3.11 (PT11); Table 3.20 (PT20, 2023-24 and 2024-25 only); Table 3.22 (PT22)"
ECL,ECL,company,2024-25,52.035,0.017,43.560,8.475,187.167,43.560,4.30,raw/moc/coal_directory_2024_25/cdchap2.xlsx,"Table 3.11 (PT11); Table 3.20 (PT20, 2023-24 and 2024-25 only); Table 3.22 (PT22)"
MCL,MCL,company,2024-25,225.174,,224.695,0.479,337.387,224.695,1.50,raw/moc/coal_directory_2024_25/cdchap2.xlsx,"Table 3.11 (PT11); Table 3.20 (PT20, 2023-24 and 2024-25 only); Table 3.22 (PT22)"
NCL,NCL,company,2024-25,139.000,,139.000,,467.895,139.000,3.37,raw/moc/coal_directory_2024_25/cdchap2.xlsx,"Table 3.11 (PT11); Table 3.20 (PT20, 2023-24 and 2024-25 only); Table 3.22 (PT22)"
CIL,NEC,"company (NEC row: CIL's own coalfield, no subsidiary)",2024-25,0.200,,0.200,,2.797,0.200,13.99,raw/moc/coal_directory_2024_25/cdchap2.xlsx,"Table 3.11 (PT11); Table 3.20 (PT20, 2023-24 and 2024-25 only); Table 3.22 (PT22)"
NLC,NLCIL,company,2024-25,17.202,,17.202,,0.020,17.202,0.00,raw/moc/coal_directory_2024_25/cdchap2.xlsx,"Table 3.11 (PT11); Table 3.20 (PT20, 2023-24 and 2024-25 only); Table 3.22 (PT22)"
SCCL,SCCL,company,2024-25,69.006,,64.199,4.807,391.292,64.199,6.09,raw/moc/coal_directory_2024_25/cdchap2.xlsx,"Table 3.11 (PT11); Table 3.20 (PT20, 2023-24 and 2024-25 only); Table 3.22 (PT22)"
SECL,SECL,company,2024-25,167.487,0.223,155.619,11.868,354.636,155.619,2.28,raw/moc/coal_directory_2024_25/cdchap2.xlsx,"Table 3.11 (PT11); Table 3.20 (PT20, 2023-24 and 2024-25 only); Table 3.22 (PT22)"
WCL,WCL,company,2024-25,69.121,,66.345,2.776,368.911,66.345,5.56,raw/moc/coal_directory_2024_25/cdchap2.xlsx,"Table 3.11 (PT11); Table 3.20 (PT20, 2023-24 and 2024-25 only); Table 3.22 (PT22)"
